Country Code	20200326T00:00:00Z	20200327T00:00:00Z	20200328T00:00:00Z	20200329T00:00:00Z	20200330T00:00:00Z	20200331T00:00:00Z	20200401T00:00:00Z	20200402T00:00:00Z	20200403T00:00:00Z	20200404T00:00:00Z	20200405T00:00:00Z	20200406T00:00:00Z	20200407T00:00:00Z	20200408T00:00:00Z	20200409T00:00:00Z	20200410T00:00:00Z	20200411T00:00:00Z	20200412T00:00:00Z	20200413T00:00:00Z	20200414T00:00:00Z	20200415T00:00:00Z	20200416T00:00:00Z	20200417T00:00:00Z	20200418T00:00:00Z	20200419T00:00:00Z	20200420T00:00:00Z	20200421T00:00:00Z	20200422T00:00:00Z	20200423T00:00:00Z	20200424T00:00:00Z	20200425T00:00:00Z	20200426T00:00:00Z	20200427T00:00:00Z	20200428T00:00:00Z	20200429T00:00:00Z	20200430T00:00:00Z	20200501T00:00:00Z	20200502T00:00:00Z	20200503T00:00:00Z	20200504T00:00:00Z	20200505T00:00:00Z	20200506T00:00:00Z	20200507T00:00:00Z	20200508T00:00:00Z	20200509T00:00:00Z	20200510T00:00:00Z	20200511T00:00:00Z	20200512T00:00:00Z	20200513T00:00:00Z	20200514T00:00:00Z	20200515T00:00:00Z	20200516T00:00:00Z	20200517T00:00:00Z	20200518T00:00:00Z	20200519T00:00:00Z	20200520T00:00:00Z	20200521T00:00:00Z	20200522T00:00:00Z	20200523T00:00:00Z	20200524T00:00:00Z	20200525T00:00:00Z	20200526T00:00:00Z	20200527T00:00:00Z	20200528T00:00:00Z	20200529T00:00:00Z	20200530T00:00:00Z	20200531T00:00:00Z	20200601T00:00:00Z	20200602T00:00:00Z	20200603T00:00:00Z	20200604T00:00:00Z	20200605T00:00:00Z	20200606T00:00:00Z	20200607T00:00:00Z	20200608T00:00:00Z	20200609T00:00:00Z	20200610T00:00:00Z	20200611T00:00:00Z	20200612T00:00:00Z
AFG	80	91	106	114	114	166	192	235	269	270	299	337	367	423	484	521	521	555	665	714	784	794	845	908	996	996	1092	1176	1176	1226	1463	1463	1703	1827	1827	2171	2171	2469	2469	2469	3224	3392	3563	3563	4041	4402	4664	4967	5226	5339	6053	6402	6664	7072	7655	8145	8676	9216	9866	10582	11094	11831	12379	13016	13659	14443	15094	15750	16492	17267	17891	18969	19551	20342	20917	21222	22142	22890	23546
AUS	2799	2985	3635	3966	4245	4557	4860	4976	5350	5454	5635	5795	5844	5956	6052	6152	6289	6313	6322	6366	6416	6458	6468	6533	6606	6612	6625	6647	6661	6667	6687	6703	6713	6725	6738	6746	6762	6767	6783	6801	6825	6849	6875	6896	6914	6929	6941	6948	6964	6975	6989	7019	7036	7045	7060	7068	7079	7081	7095	7106	7109	7118	7133	7139	7150	7173	7185	7195	7204	7221	7229	7240	7251	7255	7260	7265	7267	7267	7285
BEL	4937	6235	7284	9134	10836	11899	12775	13964	15348	16770	18431	19691	20814	22194	23403	24983	26667	28018	29647	30589	31119	33573	34809	36138	37183	38496	39983	40956	41889	42797	44293	45325	46134	46687	47334	47859	48519	49032	49517	49906	50267	50509	50781	51420	52011	52596	53081	53449	53779	53981	54288	54644	54989	55280	55559	55791	55983	56235	56511	56810	57092	57342	57455	57592	57849	58061	58186	58381	58517	58615	58685	58767	58907	59072	59226	59348	59437	59569	59569
KHM	96	98	102	102	107	107	109	109	110	114	114	114	115	117	117	118	120	122	122	122	122	122	122	122	122	122	122	122	122	122	122	122	122	122	122	122	122	122	122	122	122	122	122	122	122	122	122	122	122	122	122	122	122	122	122	122	122	123	124	124	124	124	124	124	124	125	125	125	125	125	125	125	125	126	126	126	126	126	126
CAN	3555	3555	4018	4757	5655	6317	7695	9005	10114	11732	12938	13904	15806	17049	18433	19759	21226	22544	23702	24786	26146	27540	28884	30659	32400	33909	35383	37374	38923	40813	42739	44353	45778	47316	49014	50363	52056	53657	55572	59365	59844	61159	62458	63895	65399	66780	67996	69156	70342	71486	72536	73829	74993	76204	77306	78499	79502	80555	81765	82892	84081	85103	85998	86939	87902	88856	89741	90516	91351	92151	92748	93441	94070	94335	95057	95699	96244	96653	97125
CHN	81961	82093	82213	82341	82455	82545	82638	82724	82802	82875	82930	83005	83071	83161	83249	83305	83383	83485	83597	83696	83747	83797	84149	84180	84223	84239	84253	84288	84303	84312	84324	84338	84341	84347	84369	84373	84385	84391	84393	84401	84404	84406	84409	84415	84416	84430	84450	84451	84458	84464	84469	84478	84484	84494	84500	84505	84507	84520	84522	84525	84536	84543	84544	84547	84547	84565	84570	84588	84597	84602	84603	84614	84620	84629	84634	84638	84641	84652	84659
EGY	456	495	536	576	609	656	710	779	865	985	1070	1173	1322	1450	1560	1699	1794	1939	2065	2190	2350	2505	2673	2844	3032	3144	3333	3490	3659	4092	4092	4319	4782	5042	5268	5537	5895	5895	6193	6465	7201	7588	7588	7981	8476	9400	9746	9746	10431	10829	10829	11228	11719	12229	12764	14229	14229	15003	15786	16513	17265	17967	18756	19666	20793	22082	23449	24985	26384	27536	28615	29767	31115	32612	34079	35444	36829	38284	39726
FIN	880	958	1025	1218	1218	1313	1384	1446	1518	1615	1882	1927	2176	2308	2487	2605	2769	2905	2974	3064	3161	3237	3369	3489	3681	3783	3868	4014	4129	4284	4395	4475	4576	4695	4740	4906	4995	5051	5179	5254	5327	5412	5573	5673	5738	5880	5962	5984	6003	6054	6145	6228	6286	6347	6380	6399	6443	6493	6537	6568	6579	6599	6628	6692	6743	6776	6826	6859	6885	6887	6911	6911	6941	6964	6981	7001	7025	7040	7040
FRA	24920	28786	32542	37145	39642	43977	51477	56261	58327	63536	67757	69607	73488	77226	81095	85351	89683	92787	94382	97050	102533	105155	107778	108163	110721	111463	113513	116151	117961	119583	121338	122875	123279	124439	125464	127066	128121	128722	129458	129708	130242	131292	135468	135980	136578	137008	137073	137491	138161	138609	139152	139646	140008	140036	140497	140959	141312	141590	141949	142173	142204	142482	142704	142852	146122	146657	148436	148524	148775	147935	148263	148941	149495	150022	150315	150413	150748	151145	151145
DEU	36508	42288	48582	52547	57298	61913	67366	73522	79696	85778	91714	95391	99225	103228	108202	113525	117658	120479	123016	125098	127584	130450	133830	137439	139897	141672	143457	145694	148046	150383	152438	154175	155193	156337	157641	159119	159119	161703	162496	163175	163860	164897	166091	167300	168551	169218	169575	170508	171306	172239	173152	173772	174355	174697	175210	176007	176752	177212	177850	178281	178570	179002	179364	179717	180458	181196	181482	181815	182028	182370	182764	183271	183678	183979	184193	184543	184861	185416	185416
IND	649	724	724	979	1071	1251	1636	1965	2301	2902	3374	4067	4421	5274	5865	6412	7447	8356	9152	10363	11439	12380	13387	14378	15712	17265	18601	19984	21393	23077	24506	26496	27892	29435	31332	33050	35043	37336	39980	42533	46433	49391	52952	56342	59662	62939	67152	70756	74281	78003	81970	85940	90927	96169	101139	106750	112359	118447	125101	131868	138845	145380	151767	158333	165799	173763	182143	190535	198706	207615	216919	226770	236657	246628	256611	266598	276583	286579	297535
IRN	29406	32332	35408	38309	41495	44606	47593	50468	53183	55743	58226	60500	62589	64586	66220	68192	70029	71686	73303	74877	76389	77995	79494	80868	82211	83505	84802	85996	87026	88194	89328	90481	91472	92584	93657	94640	95646	96448	97424	98647	99970	101650	103135	104691	106220	107603	109286	110767	112725	114533	116635	118392	120198	122492	124603	126949	129341	129341	131652	133521	135701	137724	139511	141591	143849	146668	148950	151466	154445	157562	160696	164270	167156	169425	171789	173832	175927	177938	180176
IRQ	382	458	506	547	547	630	694	772	820	878	961	1031	1031	1122	1202	1279	1318	1352	1378	1400	1415	1434	1434	1482	1513	1574	1602	1602	1677	1677	1708	1763	1820	1847	1928	2003	2085	2153	2219	2296	2346	2431	2480	2543	2603	2767	2818	2913	3032	3143	3193	3260	3404	3554	3611	3724	3877	3877	3964	4272	4469	4632	4848	5135	5457	5873	6179	6439	6868	7387	8168	8840	9846	11098	12366	13481	14268	15414	16675
ISR	2369	3035	3460	3865	4247	4831	5129	5591	6211	7030	7589	8018	8611	9404	9404	9755	10095	10525	10878	11235	11868	12200	12591	12855	13107	13362	13883	13942	14498	14803	15028	15398	15398	15466	15782	15782	16004	16152	16152	16152	16237	16268	16314	16346	16444	16444	16492	16526	16539	16539	16567	16589	16608	16607	16621	16650	16659	16690	16690	16712	16712	16720	16743	16771	16809	16809	17071	17071	17219	17219	17219	17495	17562	17706	17783	17915	18089	18268	18268
ITA	74386	80539	86498	92472	97689	101739	105792	110574	115242	119827	124632	128948	132547	135586	139422	143626	147577	152271	156363	159516	162488	165155	168941	172434	175925	178972	181228	183957	187327	189973	192994	195351	197675	199414	201505	203591	205463	207428	209328	210717	211938	213013	214457	215858	217185	218268	219070	219814	221216	222104	223096	223885	224760	225435	225886	226699	227364	228006	228658	229327	229858	230158	230555	231139	231732	232248	232664	233019	233197	233515	233836	234013	234531	234801	234998	235278	235561	235763	235763
JPN	1291	1387	1499	1693	1866	1953	2178	2384	2617	2935	3271	3654	3906	4257	4768	5347	6005	6748	7255	7645	8100	8582	9167	9795	10361	10751	11119	11496	11919	12388	12829	13182	13385	13576	13852	14088	14281	14545	14839	15057	15231	15354	15463	15547	15649	15747	15798	15874	16024	16079	16193	16237	16285	16305	16365	16385	16424	16513	16536	16550	16581	16623	16651	16683	16719	16804	16851	16884	16930	16986	17018	17064	17103	17141	17174	17210	17251	17292	17332
KWT	208	225	235	255	266	289	317	342	417	479	556	665	743	855	910	993	1154	1234	1300	1355	1405	1524	1658	1751	1915	1995	2080	2248	2399	2614	2892	3075	3288	3440	3740	4024	4377	4619	4983	5278	5804	6289	6567	7208	7623	8688	9286	10277	11028	11975	12860	13802	14850	15691	16764	17568	18609	18609	19564	20464	21302	21967	22575	23267	24112	25184	26192	27043	27762	28649	29359	29921	30644	31131	31848	32510	33140	33823	34432
LBN	368	391	412	438	446	463	479	494	508	520	527	541	548	575	582	609	619	630	632	641	658	663	668	672	673	677	677	682	688	696	704	707	710	717	721	725	729	733	737	740	741	750	784	796	809	845	859	870	878	886	891	902	911	931	954	961	1024	1024	1086	1097	1114	1119	1140	1161	1168	1172	1191	1220	1233	1242	1256	1306	1312	1320	1331	1350	1368	1388	1402
MYS	1796	2031	2161	2320	2470	2626	2766	2908	3116	3333	3483	3662	3793	3963	4119	4228	4346	4530	4683	4817	4987	5072	5182	5251	5305	5389	5424	5482	5532	5603	5691	5742	5780	5820	5851	5945	6002	6071	6176	6298	6353	6383	6428	6467	6535	6589	6656	6726	6742	6779	6819	6855	6872	6894	6941	6978	7009	7059	7137	7185	7245	7417	7604	7619	7629	7732	7762	7819	7857	7877	7970	8247	8266	8303	8322	8329	8336	8338	8369
NPL	3	3	3	5	5	5	5	5	6	6	9	9	9	9	9	9	9	12	14	16	16	16	16	30	31	31	32	42	45	48	49	51	52	52	57	57	59	59	69	75	82	99	99	102	109	110	121	191	243	249	258	281	295	357	402	427	454	516	584	603	682	772	886	1042	1212	1401	1572	1572	1811	2099	2300	2634	2912	3235	3448	3762	4085	4364	4614
OMN	109	131	152	167	179	192	210	231	252	277	298	331	371	419	457	484	546	599	727	813	910	1019	1069	1180	1266	1410	1508	1614	1716	1790	1905	1998	2049	2131	2274	2348	2447	2483	2568	2637	2735	2903	2958	3112	3224	3400	3574	3721	4019	4341	4625	5029	5186	5379	5671	6043	6370	6370	6794	7257	7770	7770	8118	8373	9009	9820	10423	11437	12223	12799	13537	14316	15086	16016	16882	17486	18198	18887	19954
PHL	707	707	1075	1075	1546	1546	2311	2311	2633	3018	3094	3246	3660	3870	4076	4076	4428	4648	4932	5223	5223	5660	5660	5878	6087	6259	6459	6599	6710	6981	7192	7294	7579	7777	7958	8212	8488	8772	8928	9223	9485	9684	10004	10343	10463	10610	10794	11086	11350	11618	11876	12305	12513	12718	12718	12942	13434	13597	13597	13777	14035	14319	14669	15049	15588	16634	18086	18086	18638	18997	19748	20382	20626	21340	21895	22474	22992	23732	24175
KOR	9241	9332	9478	9583	9661	9786	9887	9976	10062	10156	10237	10284	10331	10384	10423	10450	10480	10512	10537	10564	10591	10613	10635	10653	10661	10674	10683	10694	10702	10708	10718	10728	10738	10752	10761	10765	10774	10780	10793	10801	10804	10806	10810	10822	10840	10874	10909	10936	10962	10991	11018	11037	11050	11065	11078	11110	11122	11142	11165	11190	11206	11225	11265	11344	11402	11441	11468	11503	11541	11590	11629	11668	11719	11776	11814	11852	11902	11947	12003
RUS	840	1036	1264	1534	1534	1837	2337	2777	3548	4149	4731	5389	6343	7497	10131	11917	13584	15770	18328	21102	24490	27938	32008	36793	42853	42853	52763	57999	62773	68622	68622	74588	87147	93558	99399	106498	114431	124054	134687	145268	155370	165929	177160	187859	198676	209688	221344	232243	242271	252245	262843	272043	281752	290678	299941	308705	317554	326448	335882	344481	353427	362342	370680	379051	387623	396575	405843	414878	423741	432277	441108	449834	458689	467673	476658	485253	493657	502436	502436
ESP	47610	56188	64059	72248	78797	85195	94417	102136	110238	117710	124736	130759	135032	140510	146690	152446	157022	161852	166019	169496	176034	180074	184474	188578	188578	191163	194515	197142	200194	202961	205905	205905	207634	209465	210773	212917	213435	215216	216582	217466	218011	219329	220325	221447	222857	223578	224390	227436	228030	228691	229540	230183	230698	231350	231606	232037	232555	233037	234824	235290	235772	235400	236259	236769	237906	238564	239228	239429	239638	239932	240326	240660	240978	241310	241550	241717	241966	242280	242280
LKA	102	106	106	115	120	122	143	148	151	159	166	176	180	186	189	190	197	199	210	218	233	238	238	244	254	271	304	310	330	368	420	460	523	588	619	649	665	690	705	718	755	771	797	824	835	847	863	869	893	916	925	949	970	986	1020	1027	1045	1060	1085	1118	1182	1278	1425	1503	1540	1566	1630	1633	1643	1683	1749	1797	1801	1814	1835	1857	1859	1869	1877
SWE	2510	2806	3046	3447	3700	4028	4435	4947	5466	6078	6443	6830	7206	7693	8419	9141	9685	10151	10483	10948	11445	11927	12540	13216	13822	14385	14777	15322	16004	16755	17567	18177	18640	18926	19621	20302	21092	21520	22082	22317	22721	23216	23918	24623	25265	25921	26322	26670	27272	27909	28582	29207	29677	30143	30377	30799	31523	32172	32809	33188	33459	33843	34440	35088	35727	36476	37113	37542	37814	38589	40803	41883	42939	43887	44730	45133	45924	46814	46814
THA	1045	1136	1136	1388	1524	1651	1771	1875	1978	2067	2169	2220	2258	2369	2423	2473	2518	2551	2579	2613	2643	2672	2700	2733	2765	2792	2811	2826	2839	2854	2907	2922	2931	2938	2947	2954	2960	2966	2969	2987	2988	2989	2992	3000	3004	3009	3015	3017	3017	3018	3025	3025	3028	3031	3033	3034	3037	3037	3040	3040	3042	3045	3054	3065	3076	3077	3081	3082	3083	3084	3101	3102	3104	3112	3119	3121	3125	3125	3129
GBR	9533	11662	14547	17093	19526	22145	25154	29478	33722	38172	41907	47810	51612	55246	60737	65081	70276	78995	84283	88625	93877	98480	103097	108696	114221	120071	124747	129048	133499	138082	143468	148381	152844	157153	161149	165225	171257	177458	182264	186603	190588	194994	201205	206719	211368	215264	219187	223064	226467	229709	233155	236715	240165	243699	246410	248822	248297	250912	254199	257158	259563	261188	265231	267244	269131	271226	272830	274766	276336	277989	279860	281665	283315	284872	286198	287403	289144	290147	290147
ARE	333	333	468	468	611	664	664	814	1024	1505	1505	2076	2076	2659	2659	2990	3736	3736	4123	4521	4933	5365	5825	6302	6781	7265	7755	8238	8756	9281	9281	10349	10349	11380	11380	12481	13038	13038	14163	14163	15192	15192	16240	16793	16793	18198	18198	19661	19661	21084	21831	21831	23358	23358	25063	25063	26004	26898	27892	28704	29485	30307	31086	31969	32532	33170	33896	34557	35192	35788	36359	37018	37642	38268	38808	39376	39904	40507	40986
USA	68334	68334	85228	103321	122653	140640	163199	187302	213600	241703	273808	307318	333811	363321	395030	425889	461275	492881	524514	553822	578268	604070	632781	665330	695353	723605	751273	776907	800926	830053	860772	899281	931698	960916	983457	1003974	1035353	1067127	1093880	1125719	1154985	1171185	1193452	1215571	1245775	1271645	1298287	1322054	1340098	1361522	1382362	1409452	1432265	1464232	1477459	1501876	1525186	1547973	1568448	1592599	1618757	1634010	1658896	1675258	1694864	1716078	1734040	1757522	1783638	1798330	1823220	1837803	1857872	1886794	1915712	1933560	1951096	1968331	1988646
VNM	148	153	169	179	194	203	212	222	233	239	240	241	245	251	251	255	257	258	262	265	267	267	268	268	268	268	268	268	268	268	270	270	270	270	270	270	270	270	270	271	271	271	288	288	288	288	288	288	288	288	288	318	318	320	324	324	324	324	324	325	325	326	327	327	327	327	328	328	328	328	328	328	329	329	329	332	332	332	332
DZA	264	305	367	409	454	511	584	847	986	1171	1251	1251	1423	1468	1572	1666	1761	1825	1914	1983	2070	2160	2268	2418	2534	2629	2718	2811	2910	3007	3127	3256	3382	3517	3649	3848	4006	4154	4295	4474	4648	4838	4997	5182	5369	5558	5723	5891	6067	6253	6442	6630	6821	7019	7201	7377	7542	7728	7918	8113	8306	8503	8697	8857	8997	9134	9267	9394	9513	9626	9733	9831	9935	10050	10154	10265	10382	10484	10589
AUT	5888	7029	7697	8291	8813	9618	10182	10711	11129	11525	11766	11983	12297	12640	12969	13248	13560	13807	13937	14043	14234	14370	14448	14603	14662	14710	14783	14833	14924	14985	15068	15134	15189	15256	15314	15364	15424	15458	15470	15538	15569	15586	15651	15673	15735	15777	15787	15874	15910	15964	16005	16068	16140	16154	16179	16257	16275	16332	16361	16407	16439	16459	16497	16515	16543	16594	16638	16642	16663	16674	16705	16741	16803	16822	16868	16889	16902	16936	16936
HRV	418	495	586	657	713	790	867	963	1011	1079	1126	1182	1222	1282	1343	1407	1495	1534	1600	1650	1704	1741	1791	1814	1832	1871	1881	1908	1950	1981	2009	2016	2030	2039	2047	2062	2076	2085	2088	2096	2101	2112	2119	2125	2161	2176	2187	2196	2207	2213	2221	2222	2224	2226	2228	2232	2234	2237	2243	2243	2244	2244	2244	2244	2245	2245	2246	2246	2246	2246	2246	2247	2247	2247	2247	2247	2247	2249	2249
CHE	9714	10714	12104	13152	14274	15412	16108	17070	18844	19706	20489	21065	21574	22164	22710	23495	24228	24820	25220	25499	25753	26336	26651	26997	27322	27658	27862	27981	28186	28414	28595	28978	28978	29081	29181	29324	29503	29622	29734	29822	29898	29926	29977	30043	30168	30168	30222	30261	30297	30330	30380	30431	30489	30504	30514	30535	30575	30611	30624	30642	30653	30663	30678	30693	30713	30745	30762	30779	30788	30791	30810	30830	30853	30873	30882	30889	30905	30928	30928
BRA	2433	2433	2915	3417	3904	4256	4579	5717	6836	7910	9056	10278	11130	12056	13717	15927	17857	19638	20727	22169	23430	25262	28320	30425	33682	36599	38654	40581	43079	45757	49492	52995	58509	61888	66501	71886	78162	85380	91589	96559	101147	107780	114715	125218	135106	145328	155939	162699	168331	177589	188974	202918	218223	233142	241080	254220	271628	291579	310087	330890	347398	363211	374898	391222	411821	438238	465166	498440	514849	526447	555383	584016	614941	645771	672846	691758	707412	739503	772416
GEO	77	81	85	90	98	103	115	121	148	157	170	188	195	208	214	230	233	252	266	296	306	336	370	385	394	399	408	411	420	431	456	485	496	511	517	539	566	582	589	593	604	610	614	623	626	635	638	639	642	652	671	677	695	701	702	713	721	723	723	730	731	732	735	738	746	757	783	794	796	800	801	806	808	809	810	818	822	828	828
GRC	821	892	966	1061	1156	1212	1314	1375	1514	1613	1673	1735	1755	1832	1884	1955	2011	2081	2114	2145	2170	2192	2207	2207	2207	2235	2245	2401	2408	2463	2490	2506	2506	2534	2534	2576	2591	2591	2620	2626	2632	2642	2663	2678	2691	2710	2716	2726	2744	2760	2770	2810	2819	2834	2836	2840	2850	2853	2873	2876	2878	2882	2892	2903	2906	2909	2915	2917	2917	2918	2937	2937	2937	2952	2952	3049	3058	3068	3068
MKD	177	201	219	241	259	285	329	354	384	430	483	555	570	599	617	663	711	828	828	854	908	974	1081	1117	1170	1207	1225	1231	1259	1300	1326	1367	1386	1399	1421	1442	1465	1494	1506	1511	1518	1526	1539	1572	1586	1622	1642	1664	1674	1694	1723	1740	1762	1792	1817	1839	1858	1898	1921	1941	1978	1999	2015	2040	2078	2130	2164	2226	2315	2391	2492	2612	2792	2915	3028	3155	3242	3367	3367
NOR	2916	3156	3581	3845	4102	4226	4447	4665	4935	5208	5510	5640	5755	5863	6010	6160	6244	6320	6415	6488	6566	6677	6791	6791	6984	7068	7113	7166	7250	7345	7408	7467	7505	7533	7605	7667	7710	7759	7759	7809	7847	7903	7953	7995	8034	8069	8099	8106	8135	8158	8175	8197	8197	8197	8249	8257	8268	8268	8309	8309	8309	8352	8364	8383	8401	8411	8411	8411	8411	8446	8446	8477	8504	8504	8504	8547	8563	8576	8576
PAK	1057	1197	1408	1526	1625	1865	2039	2291	2450	2450	3059	3424	4005	4183	4489	4695	4970	5183	5496	5837	5988	6919	7025	7638	7993	8418	9505	9749	10815	11155	12227	13197	13915	14079	15289	16117	17611	18770	20084	20884	21501	22550	24644	26435	27474	29465	30941	32674	34336	35788	37218	38799	40151	42125	43966	45898	48091	50694	52437	54601	56349	57705	59151	61227	64028	66457	69496	72460	76398	80463	85264	89249	93983	98943	103671	108317	113702	119536	125521
ROU	906	1029	1292	1452	1760	1952	2245	2460	2738	3183	3613	3864	4057	4417	4761	5202	5467	5990	6300	6633	6879	7216	7707	8067	8418	8746	8936	9242	9710	10096	10417	10635	11036	11339	11616	11978	12240	12567	12732	13163	13512	13837	14107	14499	14811	15131	15362	15588	15778	16002	16247	16437	16704	16871	17036	17191	17387	17585	17712	17857	18070	18283	18429	18594	18791	18982	19133	19257	19398	19517	19669	19907	20103	20290	20479	20604	20749	20945	20945
DNK	1724	1877	2046	2201	2395	2577	2860	3107	3386	3757	4077	4369	4681	5071	5402	5635	5819	5996	6174	6318	6511	6681	6879	7073	7242	7384	7515	7695	7912	8073	8210	8445	8575	8698	8851	9008	9158	9311	9407	9523	9670	9821	9983	10083	10218	10319	10429	10513	10591	10667	10713	10791	10858	10927	10968	11044	11117	11182	11230	11289	11360	11387	11428	11480	11512	11593	11633	11669	11699	11734	11771	11811	11875	11924	11948	11962	12001	12016	12016
EST	404	538	575	640	679	715	745	779	858	961	1018	1097	1108	1149	1185	1207	1258	1304	1309	1332	1373	1402	1434	1459	1512	1528	1535	1552	1559	1592	1605	1635	1643	1647	1660	1666	1689	1694	1699	1700	1703	1711	1713	1720	1725	1733	1739	1741	1746	1751	1758	1766	1770	1774	1784	1791	1794	1800	1807	1821	1823	1824	1834	1840	1851	1859	1865	1869	1870	1870	1880	1890	1910	1931	1939	1940	1947	1958	1958
NLD	6412	7431	8603	9762	10866	11750	12595	13614	14697	15723	16627	17851	18803	19580	20549	21762	23097	24413	25587	26551	27419	28153	29214	30449	31589	32655	33405	34134	34842	35729	36535	37190	37845	38245	38416	38802	39316	39791	40236	40571	40770	41087	41319	41774	42093	42382	42627	42788	42984	43211	43481	43681	43870	43995	44141	44249	44447	44700	44888	45064	45236	45445	45578	45768	45950	46126	46257	46442	46545	46647	46733	46942	47152	47335	47574	47739	47903	48087	48087
BLR	86	86	94	94	152	152	152	192	254	254	440	562	700	861	1066	1066	1981	2226	2578	2919	3281	3728	4204	4779	4779	4779	6264	6723	7281	8022	8773	9590	10463	12208	12208	13181	14027	14917	15828	17489	17489	19255	19255	20168	21101	22973	23906	23906	25840	25840	26772	27730	28681	29650	30572	31508	33371	34303	34303	35244	36198	37144	38059	38956	39858	40764	41658	42556	43403	44255	45116	45981	46868	46868	48630	49453	50265	51066	51066
LTU	274	299	358	394	484	484	533	581	649	771	771	811	843	880	912	955	999	1053	1062	1070	1070	1091	1149	1239	1298	1326	1350	1370	1398	1410	1410	1426	1438	1449	1344	1375	1385	1399	1406	1410	1419	1423	1428	1433	1436	1444	1479	1485	1491	1505	1511	1523	1534	1541	1547	1562	1577	1594	1604	1616	1623	1635	1639	1647	1656	1662	1670	1675	1678	1682	1684	1687	1694	1705	1714	1720	1727	1733	1733
MEX	478	478	589	717	848	993	1094	1215	1378	1510	1688	1890	2143	2439	2785	3181	3441	3844	4219	4661	5014	5399	5847	6297	6875	7497	8261	8772	9501	10544	11633	12872	13842	14677	15529	16752	17799	19224	20739	22088	23471	24905	26025	27634	29616	31522	33460	35022	36327	38324	40186	42595	45032	47144	49219	51633	54346	56594	59567	62527	65856	68620	71105	74560	78023	81400	84627	87512	90664	93435	97326	101238	105680	110026	113619	117103	120102	124301	129184
NZL	262	338	416	476	552	600	647	723	774	824	872	911	943	969	992	1015	1035	1049	1064	1072	1078	1084	1086	1094	1098	1105	1107	1112	1112	1114	1117	1121	1122	1124	1126	1129	1132	1134	1136	1137	1137	1138	1139	1141	1142	1144	1147	1147	1147	1147	1148	1148	1149	1149	1153	1153	1153	1154	1154	1154	1154	1154	1154	1154	1154	1154	1154	1154	1154	1154	1154	1154	1154	1154	1154	1154	1154	1154	1154
NGA	46	65	65	65	65	111	139	174	190	208	208	232	232	254	276	288	305	318	323	343	343	373	373	373	373	541	541	541	541	981	1095	1182	1273	1337	1337	1532	1932	2170	2388	2388	2802	2950	3145	3526	3912	4151	4399	4641	4787	4971	5162	5450	5621	5959	6175	6401	6677	7016	7261	7526	7839	8068	8344	8733	8915	9302	9855	10162	10578	10819	11166	11516	11844	12233	12486	12801	13464	13873	14554
AZE	93	122	147	164	190	273	298	359	400	443	512	584	641	717	822	926	991	1058	1098	1148	1197	1253	1283	1340	1373	1398	1436	1480	1518	1548	1592	1617	1645	1678	1717	1766	1804	1854	1894	1932	1984	2060	2127	2204	2279	2422	2519	2589	2693	2758	2879	2980	3138	3274	3387	3518	3631	3749	3855	3982	4122	4271	4403	4568	4759	4989	5246	5494	5662	5935	6260	6522	6860	7239	7553	7876	8191	8530	8530
ECU	1211	1211	1595	1823	1835	1962	2240	2372	3163	3163	3465	3465	3747	3747	4450	4965	7161	7257	7466	7529	7603	7858	8225	8450	9022	9468	10128	10398	10850	11183	22719	22719	22719	23240	24258	24675	24934	26336	27464	29538	31881	31881	29420	30298	30298	28818	29559	29509	30419	30486	30502	30502	31467	32723	33182	34151	34151	34854	35828	36258	36756	37355	37656	38103	38471	38571	38571	39098	39098	40414	40966	40966	42106	42728	43120	43378	43917	44440	44440
QAT	537	549	562	590	634	693	781	835	1075	1075	1325	1604	1832	2210	2376	2512	2728	2979	3231	3428	3711	4103	4663	5008	5448	6015	6533	7141	7764	8525	9358	10287	11244	11921	12564	13409	14096	14872	15551	16191	17142	17972	18890	20201	21331	22520	23623	25149	26539	28272	29425	30972	32604	33969	35606	37097	38651	38651	40481	42213	43714	45465	47207	48947	50914	52907	55262	56910	58433	60259	62160	63741	65495	67195	68790	70158	71879	73595	75071
ARM	290	329	372	424	482	482	532	571	640	736	746	746	833	877	921	937	937	1013	1039	1039	1067	1135	1159	1201	1248	1291	1339	1377	1473	1523	1596	1746	1808	1867	1932	2066	2148	2273	2386	2507	2619	2782	2884	3029	3175	3313	3392	3538	3718	3836	4044	4283	4472	4823	5041	5271	5606	5928	6302	6661	7113	7402	7774	8216	8676	8927	9282	9492	10009	10524	11221	11817	12364	13130	13325	13675	14103	14669	14669
CZE	1654	2062	2279	2663	2829	3002	3308	3589	3858	4190	4472	4587	4822	5017	5312	5569	5732	5902	5991	6059	6141	6303	6433	6549	6654	6787	6914	7041	7136	7188	7273	7352	7404	7449	7504	7579	7682	7737	7755	7781	7819	7896	7974	8031	8077	8095	8123	8176	8221	8269	8351	8406	8455	8475	8586	8647	8721	8754	8813	8890	8957	9004	9050	9086	9140	9196	9230	9273	9302	9364	9438	9494	9529	9567	9628	9697	9751	9824	9824
ISL	737	802	890	963	1020	1086	1135	1220	1319	1364	1417	1486	1562	1586	1616	1648	1675	1689	1701	1711	1720	1727	1739	1754	1760	1771	1773	1778	1785	1789	1789	1790	1792	1792	1795	1797	1797	1798	1798	1799	1799	1799	1799	1801	1801	1801	1801	1801	1801	1802	1802	1802	1802	1802	1802	1802	1803	1803	1803	1804	1804	1804	1804	1805	1805	1805	1806	1806	1806	1806	1806	1806	1806	1806	1807	1807	1807	1807	1807
IRL	1564	1819	2121	2415	2615	2910	3235	3447	3849	4273	4604	5111	5364	5709	6224	7393	8089	8928	9655	10647	11479	12547	13271	13980	14758	15251	15652	16040	16671	17607	18184	18561	19262	19648	19877	20253	20612	20833	21176	21506	21722	21983	22248	22385	22541	22760	22996	23135	23242	23401	23827	23956	24048	24112	24200	24251	24315	24391	24506	24582	24639	24698	24735	24803	24841	24876	24929	24990	25062	25066	25111	25142	25163	25183	25201	25207	25215	25231	25231
LUX	1333	1453	1605	1831	1950	1988	2178	2319	2487	2612	2729	2804	2843	2970	3034	3115	3223	3270	3281	3292	3307	3373	3444	3480	3537	3550	3558	3618	3654	3665	3695	3711	3723	3729	3741	3769	3784	3802	3812	3824	3828	3840	3851	3859	3871	3877	3886	3888	3894	3904	3915	3923	3930	3945	3947	3958	3971	3980	3981	3990	3992	3993	3995	4001	4008	4012	4016	4018	4019	4020	4020	4027	4032	4035	4039	4040	4046	4049	4049
DOM	488	488	581	581	581	901	1109	1284	1380	1488	1488	1488	1828	1956	1956	2349	2349	2620	2967	3167	3286	3614	3755	4126	4335	4680	4964	5044	5300	5543	5749	5926	6135	6293	6416	6652	6972	7288	7578	7954	8235	8480	8807	9095	9376	9882	10347	10634	10900	11196	11320	11739	12110	12314	12725	13223	13477	13657	13989	14422	14801	15073	15264	15723	16068	16531	16908	17285	17572	17752	18040	18319	18708	19195	19600	20126	20415	20808	21437
IDN	893	1046	1046	1285	1414	1528	1677	1790	1986	2092	2273	2491	2738	2956	3293	3512	3842	4241	4557	4839	5136	5516	5923	6248	6575	6760	7135	7418	7775	8211	8607	8882	9096	9511	9771	10118	10551	10843	11192	11587	12071	12438	12776	13112	13645	14032	14265	14749	15438	16006	16496	17025	17514	18010	18496	19189	20162	20796	21745	22271	22750	23165	23851	24538	25216	25773	26473	26473	26940	27549	28233	28818	29521	30514	31186	32033	33076	34316	35295
JOR	172	212	235	246	259	268	274	278	299	310	323	345	349	353	358	372	372	381	389	391	397	401	402	407	413	417	425	428	435	437	444	447	449	449	449	453	453	459	461	465	471	473	484	494	522	540	562	576	582	586	596	607	613	629	649	672	684	684	700	704	708	711	718	720	728	730	734	739	746	755	757	765	784	795	808	831	845	863	890
LVA	221	244	280	305	376	376	398	446	458	493	509	533	542	548	577	589	612	630	651	655	657	666	675	682	712	727	739	748	761	778	784	804	812	818	836	849	858	870	871	879	896	896	900	909	928	930	939	946	950	951	962	970	997	1008	1009	1012	1016	1025	1030	1046	1047	1049	1053	1057	1061	1064	1065	1066	1071	1079	1079	1082	1082	1086	1088	1088	1089	1092	1092
MAR	225	275	358	450	516	574	638	676	735	858	960	1113	1141	1242	1346	1431	1527	1617	1746	1838	1988	2251	2528	2670	2820	2990	3186	3377	3537	3692	3889	4047	4115	4246	4289	4359	4529	4687	4880	5000	5153	5382	5505	5661	5873	6038	6226	6380	6466	6593	6623	6681	6798	6930	6972	7048	7185	7211	7332	7406	7433	7532	7577	7601	7643	7714	7780	7807	7833	7866	7922	8003	8071	8151	8224	8302	8437	8508	8537
PRT	2995	3544	4268	5170	5962	6408	7443	8251	9034	9886	10524	11278	11730	12442	13141	13956	15472	15987	16585	16934	17448	18091	18841	19022	19685	20206	20863	21379	21982	22353	22797	23392	23864	24027	24322	24505	25056	25351	25190	25282	25524	25702	26182	26715	27268	27406	27581	27679	27913	28132	28319	28583	28810	29036	29209	29432	29660	29912	30200	30471	30623	30788	31007	31292	31596	31946	32203	32500	32700	32895	33261	33592	33969	34351	34493	34885	35306	35600	35600
SAU	1012	1104	1203	1299	1453	1563	1720	1885	2039	2179	2385	2523	2795	2932	3287	3651	4033	4462	4934	5369	5862	6380	7142	8274	9362	10484	11631	12772	13930	15102	16299	17522	18811	20077	21402	22753	24097	25459	27011	28656	30251	31938	33731	35432	37136	39048	41014	42925	44830	46869	49176	52016	54752	57345	59854	62545	65077	65077	67719	70161	72560	74795	76726	78541	80185	81766	83384	85261	87142	89011	91182	93157	95748	98869	101914	105283	108571	112288	116021
SEN	99	105	119	130	142	162	175	190	195	219	219	226	226	237	244	250	265	278	280	291	299	314	335	342	350	367	377	412	442	479	545	614	671	735	823	882	933	1024	1113	1271	1271	1329	1433	1492	1551	1634	1709	1886	1995	2105	2189	2310	2429	2480	2544	2617	2714	2815	2909	2976	3047	3130	3161	3253	3348	3429	3535	3645	3739	3836	3932	4021	4155	4249	4328	4430	4516	4640	4759
TUN	173	227	227	278	312	362	394	455	495	495	553	574	596	623	628	643	671	685	707	726	747	780	822	864	866	879	884	901	909	918	922	939	949	967	975	980	994	998	1009	1013	1018	1022	1025	1026	1030	1032	1032	1032	1032	1032	1032	1035	1037	1037	1043	1044	1045	1046	1048	1048	1051	1051	1051	1051	1068	1071	1076	1077	1084	1086	1087	1087	1087	1087	1087	1087	1087	1087	1087
ARG	502	502	589	690	745	820	966	1054	1133	1265	1353	1451	1554	1628	1715	1795	1929	1975	1975	2252	2336	2477	2598	2694	2784	2839	2960	3073	3197	3340	3479	3701	3838	3892	4019	4201	4304	4476	4532	4681	4799	4922	5076	5305	5530	5680	5924	6034	6278	6563	6973	7134	7479	7805	8068	8371	8809	9283	9931	10649	11353	12076	12628	13228	13933	14702	14702	16214	16851	17415	18319	19268	20197	21037	22020	22794	23620	24761	25987
CHL	1306	1306	1610	1909	1909	2449	2738	3031	3404	3737	4161	4471	4815	5116	5546	5972	6501	6927	7213	7525	7917	8273	8807	9252	9730	10088	10507	10832	11296	11812	12306	12858	13331	13813	14365	14885	16023	17008	18435	19663	20643	22016	23048	24581	25972	27219	28866	30063	31721	34381	37040	37040	41428	43781	46059	46059	53617	53617	61857	65393	69102	73997	77961	82289	86943	90638	94858	99688	105159	108686	113628	118292	122499	127745	134150	138846	142759	148496	154092
UKR	156	218	311	418	480	549	669	804	987	1096	1251	1319	1462	1668	1892	2203	2511	2777	3102	3372	3764	4162	4662	5106	5449	5710	6125	6592	7170	7647	8125	8617	9009	9410	9866	10406	10861	11411	11913	12331	12697	13184	13691	14195	14710	15232	15648	16023	16425	16847	17330	17858	18291	18616	18876	19230	19706	20148	20580	20986	21245	21584	21905	22382	22811	23204	23672	24012	24340	24823	25411	25964	26514	26999	27462	27856	28381	29070	29070
HUN	261	300	343	408	447	447	492	525	585	678	733	744	817	895	980	1190	1310	1410	1458	1512	1579	1652	1763	1834	1916	1984	2098	2168	2284	2383	2443	2500	2583	2649	2727	2775	2863	2942	2998	3035	3065	3111	3150	3178	3213	3263	3284	3313	3341	3380	3417	3473	3509	3535	3556	3598	3641	3678	3713	3741	3756	3771	3793	3816	3841	3841	3867	3876	3921	3931	3931	3954	3970	3970	3970	4014	4017	4027	4027
SVN	528	577	632	691	730	763	814	841	897	934	977	997	1021	1055	1091	1124	1160	1188	1205	1212	1220	1248	1268	1304	1317	1330	1335	1340	1353	1366	1373	1388	1407	1407	1408	1418	1429	1434	1439	1439	1445	1448	1449	1450	1454	1457	1460	1461	1463	1464	1465	1465	1466	1466	1467	1468	1468	1468	1468	1468	1469	1469	1469	1471	1473	1473	1473	1473	1475	1475	1477	1479	1484	1485	1485	1485	1486	1488	1488
BIH	173	213	233	269	325	359	413	464	521	586	632	662	695	781	816	875	901	948	1007	1034	1086	1116	1169	1210	1268	1286	1300	1340	1367	1413	1428	1485	1516	1564	1588	1689	1782	1840	1840	1857	1926	1968	2017	2027	2070	2070	2098	2142	2162	2181	2216	2237	2265	2289	2303	2319	2334	2352	2371	2371	2391	2405	2415	2415	2462	2484	2493	2509	2523	2534	2550	2593	2605	2645	2673	2703	2727	2776	2776
POL	1051	1221	1389	1638	1862	2055	2311	2554	2946	3383	3627	4102	4413	4848	5205	5575	5955	6356	6674	6934	7202	7582	7918	8379	8742	9287	9593	9856	10169	10511	10892	11273	11617	11902	12218	12640	12877	13105	13375	13693	14006	14431	14740	15047	15366	15651	15996	16326	16921	17204	17615	18016	18257	18529	18885	19268	19739	20143	20619	20931	21326	21631	22074	22473	22825	23155	23571	23786	24165	24395	24395	25048	25419	25986	26561	27160	27560	27757	27757
ZAF	927	927	1170	1187	1280	1326	1353	1380	1462	1505	1585	1655	1686	1749	1845	1934	2003	2028	2173	2272	2415	2506	2605	2783	3034	3158	3300	3465	3635	3953	4220	4361	4546	4793	4996	5350	5647	5951	6336	6783	7220	7439	7808	8232	8895	9420	10015	10652	11350	12074	12739	13524	14355	15515	16433	17200	18003	19137	20125	21343	22583	23615	24264	25937	27403	29240	30967	32683	34357	35812	37525	40792	43434	45973	48285	50879	52991	55421	58568
BTN	3	3	3	3	4	4	4	5	5	5	5	5	5	5	5	5	5	5	5	5	5	5	5	5	5	5	6	6	7	7	7	7	7	7	7	7	7	7	7	7	7	7	7	7	7	7	9	11	11	15	20	21	21	21	21	21	21	21	21	24	27	27	27	28	31	33	43	43	47	47	47	47	48	48	59	59	59	62	62
CMR	75	75	75	91	113	139	139	139	246	509	555	555	555	555	730	730	803	803	803	803	855	855	855	1016	1016	1016	1163	1163	1163	1401	1403	1518	1621	1621	1705	1806	1832	2069	2077	2077	2077	2265	2265	2265	2265	2335	2579	2579	2689	2800	2954	3047	3047	3047	3529	3529	3733	4288	4400	4400	4400	4890	5436	5436	5436	5436	5659	5904	6397	6585	6752	6789	7392	7599	7860	8060	8312	8681	8681
COL	470	470	491	539	608	702	798	906	1065	1161	1267	1406	1485	1579	1780	2054	2223	2473	2709	2776	2852	2979	3105	3233	3439	3621	3792	3977	4149	4356	4561	4881	5142	5379	5597	5949	6211	6507	7006	7285	7668	7973	8613	8959	9456	10051	10495	11063	11613	12272	12930	13610	14216	14939	15574	16295	16935	17687	18330	19131	20177	21175	21981	23003	24104	25366	26688	28236	29383	30493	31833	33354	35120	36635	38027	39236	40719	42078	43682
SRB	384	457	528	659	741	785	900	1060	1171	1476	1624	1908	2200	2447	2666	2867	3105	3380	3630	4054	4465	4873	5318	5690	5994	6318	6630	6890	7114	7276	7483	7779	8042	8275	8497	8724	9009	9205	9362	9464	9557	9677	9791	9848	9943	10032	10114	10176	10243	10295	10374	10438	10496	10610	10699	10733	10833	10919	11024	11092	11159	11193	11227	11275	11300	11354	11381	11412	11430	11454	11523	11571	11667	11741	11823	11896	11965	12031	12031
SVK	216	226	295	295	336	336	363	400	426	450	471	485	534	598	682	701	715	728	742	769	835	863	977	1049	1089	1161	1173	1199	1244	1325	1360	1373	1379	1381	1384	1391	1396	1403	1407	1408	1413	1421	1429	1445	1455	1455	1457	1457	1465	1469	1477	1480	1493	1494	1495	1495	1496	1502	1503	1504	1509	1511	1513	1515	1520	1520	1521	1522	1522	1522	1525	1526	1526	1528	1528	1530	1531	1533	1533
PER	580	580	580	635	671	852	1065	1323	1323	1414	1595	1746	2281	2561	2954	4342	5256	5897	6848	7519	7519	10303	11475	13489	13489	14420	15628	16325	17837	19250	20914	21648	25331	27517	28699	31190	33931	36976	40459	42534	45928	47372	51189	54817	58526	61847	65015	67307	68822	72059	76306	80604	84495	88541	92273	94933	99483	104020	108769	111698	115754	119959	123979	129751	135905	141779	148285	155671	164476	170039	174884	178914	183198	187400	191758	196515	199696	203736	208823
MDA	149	177	199	231	263	298	353	423	591	591	752	864	965	1056	1174	1289	1438	1560	1662	1712	1934	2049	2154	2264	2351	2472	2548	2641	2778	2926	3110	3304	3408	3481	3638	3771	3897	3980	4052	4121	4248	4363	4476	4605	4728	4867	4927	4995	5154	5406	5553	5745	5934	6060	6138	6340	6553	6704	6847	6994	7093	7149	7305	7537	7725	7896	8098	8251	8360	8548	8795	9018	9247	9511	9700	9807	10025	10321	10321
TGO	23	24	25	28	28	34	34	36	39	39	40	44	44	58	70	73	73	73	76	76	77	77	81	83	83	83	84	86	88	88	90	96	98	99	99	109	116	123	123	124	126	128	128	135	145	153	173	181	199	219	238	263	298	301	330	338	338	354	363	373	381	386	391	395	422	428	428	442	443	445	452	465	485	487	495	497	497	522	522
BGD	44	48	48	48	49	49	54	56	61	70	88	123	164	218	330	424	482	621	803	1012	1231	1572	1838	2144	2456	2948	3382	3772	4186	4689	4998	5416	5913	6462	7103	7667	8238	8790	9455	10143	10929	11719	12425	13134	13770	14657	15691	16660	17822	18863	20065	20995	20995	23870	25121	26738	28511	30205	32078	33610	35585	36751	38292	40321	42844	44608	47153	47153	49534	52445	55140	57563	60391	63026	65769	68504	71675	74865	78052
BGR	242	264	293	331	346	359	399	422	457	485	503	531	549	577	593	624	635	661	675	685	713	747	800	846	878	915	929	975	1024	1097	1188	1247	1300	1363	1399	1447	1506	1588	1594	1618	1652	1689	1778	1829	1911	1955	1965	1990	2023	2069	2100	2138	2211	2235	2259	2292	2331	2372	2408	2408	2433	2433	2460	2460	2485	2499	2513	2513	2513	2538	2585	2585	2668	2711	2727	2810	2889	2889	2889
CRI	201	201	231	263	295	314	314	347	375	396	416	435	454	467	483	502	539	558	577	595	612	618	626	642	649	655	660	662	669	681	686	687	693	695	697	705	713	719	725	733	739	742	755	761	765	773	780	792	801	804	815	830	843	853	863	882	882	882	903	911	918	930	951	956	984	1000	1022	1047	1056	1084	1105	1157	1194	1263	1263	1318	1342	1375	1461
PRY	41	41	52	56	59	64	65	69	77	92	96	104	113	115	119	124	129	133	134	147	159	161	174	199	202	206	208	208	213	213	220	223	228	228	230	239	249	266	333	370	396	431	440	462	563	689	713	724	737	740	754	759	778	786	788	829	833	836	838	850	862	865	877	884	900	917	964	986	995	1013	1070	1086	1087	1090	1135	1145	1187	1202	1230
ALB	174	186	197	212	223	223	243	277	277	333	333	377	377	400	409	416	416	446	446	475	475	494	518	548	548	562	609	634	634	678	678	712	726	736	766	773	773	789	795	803	820	832	832	850	856	868	868	872	876	880	898	933	946	948	948	964	969	969	981	989	1004	1029	1050	1076	1099	1122	1136	1143	1164	1176	1197	1212	1232	1246	1263	1299	1341	1385	1385
CYP	132	146	162	179	214	230	262	320	356	396	426	446	465	494	526	564	595	616	633	662	695	715	735	735	761	767	772	784	790	795	804	810	817	822	837	843	850	857	864	872	874	878	883	889	891	892	898	901	903	905	907	910	914	916	917	918	922	923	927	927	935	937	939	939	941	941	943	944	949	952	958	958	960	960	964	970	972	974	974
BRN	109	114	115	120	126	127	129	131	133	134	135	135	135	135	135	135	136	136	136	136	136	136	136	136	137	138	138	138	138	138	138	138	138	138	138	138	138	138	138	138	138	138	139	141	141	141	141	141	141	141	141	141	141	141	141	141	141	141	141	141	141	141	141	141	141	141	141	141	141	141	141	141	141	141	141	141	141	141	141
JAM	26	26	26	30	32	36	36	38	44	47	53	55	58	59	63	63	63	65	69	72	73	105	125	143	163	173	196	223	233	243	257	288	305	305	364	381	396	422	432	463	469	471	473	478	488	490	498	502	505	507	509	509	511	517	520	520	520	529	534	544	550	552	556	564	569	569	575	581	581	588	590	590	591	595	596	598	598	598	598
MNG	11	11	12	12	12	12	14	14	14	14	14	15	15	16	16	16	16	16	16	30	30	31	31	31	32	33	34	35	35	36	36	37	38	38	38	38	38	38	39	40	41	41	41	42	42	42	42	42	42	42	98	135	136	140	140	140	140	141	141	141	141	141	148	161	179	179	179	179	185	185	185	186	191	193	193	194	194	194	194
PAN	558	558	674	786	901	989	989	1181	1317	1475	1673	1801	1988	2100	2249	2528	2752	2974	3234	3400	3472	3574	3751	4016	4210	4273	4467	4658	4821	4992	5166	5338	5538	5779	6021	6200	6378	6532	6720	7090	7197	7387	7523	7731	7868	8070	8282	8448	8616	8616	8944	9118	9268	9449	9606	9726	9867	9977	10116	10267	10577	10926	11183	11447	11728	12131	12531	13018	13463	13837	14095	14609	15044	15463	16004	16425	16854	17233	17889
BOL	39	39	61	74	74	97	107	115	123	132	139	157	183	194	210	264	268	275	300	330	354	397	441	465	493	520	564	598	609	672	703	807	866	950	1014	1053	1110	1167	1229	1470	1594	1681	1802	1886	2081	2266	2437	2556	2831	2964	3148	3372	3577	3826	4088	4263	4481	4919	5187	5579	5915	6263	6660	7136	7768	8387	8731	9592	9982	10531	10991	11638	12245	12728	13358	13643	13949	14644	15281
BFA	146	146	146	146	222	246	261	261	261	302	302	345	345	384	384	414	443	443	443	497	515	528	543	547	547	565	576	581	600	600	616	629	632	632	638	638	645	649	652	662	672	689	729	736	736	748	751	760	766	773	773	780	782	796	796	806	809	812	814	831	832	841	845	845	847	847	853	881	883	884	884	885	885	888	888	890	891	891	891
COD	51	54	58	68	81	98	109	123	134	148	148	161	161	183	207	215	215	223	235	241	254	267	287	287	327	332	350	359	359	394	416	442	459	471	491	500	572	604	674	682	682	705	797	897	937	991	1024	1102	1169	1242	1298	1369	1454	1454	1537	1730	1834	1944	1944	2140	2140	2304	2402	2659	2832	2832	2965	3048	3194	3325	3494	3643	3763	3877	4015	4105	4258	4389	4514
TUR	2433	3629	5698	7402	9271	10827	13531	15679	18135	20921	23934	27069	30217	34109	38226	42282	47029	52167	56956	61049	65111	69392	74193	78546	82329	86306	90980	95591	98674	101790	104912	107773	110130	112261	114653	117589	120204	122392	124375	126045	127659	129491	131744	133721	135569	137115	138657	139771	141475	143114	144749	146457	148067	149435	150593	151615	152587	153548	154500	155686	156827	157814	158762	159797	160979	162120	163103	163942	164769	165555	166422	167410	168340	169218	170132	171121	172114	173036	173036
CIV	80	80	92	140	165	169	169	190	190	218	245	261	323	349	384	384	480	533	533	626	638	654	688	742	742	847	879	916	952	1004	1077	1111	1150	1164	1183	1238	1275	1275	1362	1398	1432	1464	1516	1571	1602	1667	1700	1730	1857	1912	1971	2017	2061	2109	2119	2153	2231	2301	2341	2366	2376	2423	2477	2556	2641	2750	2799	2833	2951	3024	3110	3262	3431	3557	3739	3881	3995	4181	4404
HND	52	52	67	67	110	139	139	172	219	222	264	268	298	305	312	343	382	392	393	397	407	419	426	442	457	472	477	494	510	519	562	591	627	661	702	738	771	804	899	1010	1055	1178	1270	1461	1685	1771	1830	1972	2100	2080	2255	2318	2460	2565	2646	2798	2955	3100	3204	3477	3743	3950	4189	4401	4640	4752	4886	5094	5202	5362	5527	5690	5880	5971	6155	6327	6450	6935	7360
CUB	67	67	80	119	119	170	186	212	233	269	288	320	350	396	457	515	564	620	669	726	766	814	862	923	986	1035	1087	1137	1189	1235	1285	1337	1369	1389	1437	1467	1501	1537	1611	1649	1668	1685	1703	1729	1741	1754	1766	1783	1804	1810	1830	1840	1862	1872	1881	1887	1900	1908	1916	1931	1941	1947	1963	1974	1983	2005	2025	2045	2083	2092	2107	2119	2133	2173	2191	2200	2205	2211	2219
GUY	5	5	5	5	5	8	12	19	19	19	23	24	29	31	33	37	37	37	37	47	47	48	55	57	63	63	65	66	67	67	70	73	74	74	74	75	78	82	82	82	82	92	93	93	93	93	97	104	109	113	113	113	116	117	117	124	125	125	127	127	127	135	137	139	139	150	150	152	153	153	153	153	153	153	154	154	154	156	156
CAF	5	5	6	6	6	6	6	8	8	8	9	9	9	9	10	10	11	11	11	11	11	11	12	12	12	12	12	14	14	16	19	19	19	42	50	50	64	64	72	72	94	94	94	94	94	143	179	179	179	187	221	301	301	327	336	411	411	436	479	552	604	652	652	701	755	874	874	1011	1069	1069	1189	1288	1451	1570	1634	1850	1850	1888	2044
GNQ	6	6	6	6	13	14	14	15	15	15	16	16	16	16	16	18	18	18	18	21	41	51	51	51	79	79	79	79	84	84	212	258	258	258	315	315	315	315	315	315	315	439	439	439	439	439	439	439	522	583	594	594	690	719	825	890	903	960	960	1043	1043	1043	1043	1043	1043	1043	1043	1043	1043	1043	1043	1043	1043	1043	1043	1043	1043	1043	1043
SWZ	4	6	9	9	9	9	9	9	9	9	9	9	9	10	12	12	12	12	14	14	15	16	16	19	22	22	24	24	31	31	40	56	59	65	71	91	100	106	108	112	116	119	123	153	159	163	172	175	184	187	187	190	202	203	205	208	217	220	225	238	250	256	261	272	279	279	283	285	293	294	295	300	305	322	333	340	371	398	449
ETH	12	12	16	16	21	23	26	26	31	35	38	43	44	52	55	56	65	69	71	74	82	85	92	96	105	108	111	114	116	116	117	122	123	124	126	130	131	133	133	135	140	145	162	191	194	210	239	250	261	263	272	287	306	317	352	365	389	399	433	494	582	655	701	731	831	968	1063	1172	1257	1344	1486	1636	1805	1934	2020	2156	2336	2506	2670
GAB	6	6	7	7	7	7	7	7	18	21	21	21	21	24	24	44	44	49	57	57	80	87	95	95	108	109	120	156	166	166	172	176	176	176	238	276	276	308	335	335	367	397	397	504	620	661	661	802	863	1004	1104	1209	1320	1320	1432	1502	1567	1567	1728	1934	1934	2135	2238	2319	2431	2613	2613	2655	2655	2803	2902	2955	3101	3101	3101	3101	3294	3294	3463
GHA	132	136	137	137	152	152	161	195	204	205	205	214	214	287	313	313	378	408	566	566	636	636	641	641	834	1042	1042	1042	1154	1154	1279	1279	1550	1550	1671	1671	2074	2074	2169	2169	2719	2719	2719	3091	4012	4263	4263	4700	5127	5408	5530	5638	5735	5735	5735	6096	6096	6269	6486	6617	6683	6808	6964	7303	7303	7616	7768	7881	8070	8297	8548	8885	9168	9462	9638	9910	10201	10201	10358
GIN	4	5	8	8	16	16	16	30	52	52	111	111	111	144	164	194	194	250	250	319	363	404	438	438	477	477	622	688	761	862	954	996	1094	1163	1240	1351	1495	1537	1586	1650	1710	1811	1856	1927	2009	2042	2146	2146	2298	2372	2473	2531	2658	2727	2796	2863	2927	3067	3114	3176	3275	3322	3358	3446	3553	3656	3706	3771	3844	3886	3933	3991	4060	4117	4165	4216	4258	4291	4372
KAZ	97	125	204	265	294	312	348	386	435	460	531	604	670	709	727	802	859	897	979	1091	1275	1295	1480	1546	1546	1546	1852	1995	2025	2025	2416	2601	2791	2982	3078	3333	3551	3785	3877	3988	4160	4298	4509	4578	4922	5056	5138	5207	5417	5571	5689	5850	6157	6440	6751	6969	7234	7597	7919	8322	8531	8969	9304	9576	9932	10382	10858	11308	11571	11796	12067	12312	12511	12694	12859	13074	13319	13559	13559
KEN	25	25	25	25	38	50	59	81	110	122	122	142	142	172	179	184	189	191	197	208	216	225	234	246	262	270	281	296	303	320	336	343	355	363	374	384	396	411	435	466	490	535	582	607	621	649	672	700	715	737	758	781	830	887	912	963	1029	1109	1161	1192	1214	1286	1348	1471	1618	1745	1888	1962	2021	2093	2216	2340	2474	2600	2767	2862	2989	3094	3215
MRT	2	3	5	5	5	5	5	5	5	6	6	6	6	6	6	6	7	7	7	7	7	7	7	7	7	7	7	7	7	7	7	7	7	7	7	7	8	8	8	8	8	8	8	8	8	8	8	8	8	9	16	29	40	62	81	131	141	173	173	227	237	262	262	292	346	423	483	530	530	588	668	784	883	947	947	1049	1162	1283	1283
NAM	8	8	8	11	11	11	11	13	13	13	14	16	16	16	16	16	16	16	16	16	16	16	16	16	16	16	16	16	16	16	16	16	16	16	16	16	16	16	16	16	16	16	16	16	16	16	16	16	16	16	16	16	16	16	16	16	16	18	19	20	21	21	21	22	22	23	23	24	25	25	25	25	25	29	29	31	31	31	31
PRI	64	64	64	64	64	174	239	286	316	378	452	452	513	573	620	683	725	788	897	903	923	974	1043	1068	1118	1213	1252	1276	1276	1276	1276	1276	1371	1389	1400	1433	1539	1575	1757	1808	1843	1924	1968	2031	2156	2173	2198	2256	2299	2329	2427	2542	2589	2646	2710	2805	2866	2913	3030	3100	3189	3260	3324	3397	3486	3647	3718	3776	3873	3935	4023	4508	4620	4915	4985	5046	5185	5329	5352
SDN	3	3	5	5	6	7	7	7	10	10	12	12	14	14	14	15	19	19	19	29	32	32	32	66	66	92	107	140	162	174	213	237	275	318	375	375	442	533	592	678	778	852	930	930	1111	1164	1365	1526	1660	1818	1964	1964	2289	2591	2591	2728	3138	3138	3378	3634	3826	3976	4146	4346	4346	4521	4800	5026	5173	5310	5499	5714	5865	6081	6083	6244	6427	6582	6730
VEN	91	91	106	113	113	129	129	143	144	144	144	144	159	165	166	166	171	171	171	181	181	193	197	204	204	228	256	285	288	298	318	318	323	325	329	329	331	333	345	345	357	361	367	379	381	388	402	414	422	440	440	455	504	541	618	618	824	824	882	944	1010	1121	1177	1211	1245	1327	1370	1459	1510	1662	1819	1952	2087	2145	2316	2377	2473	2632	2738
COG	4	4	19	19	19	19	22	22	41	41	45	45	45	49	60	60	60	60	70	74	74	117	117	143	143	143	160	165	186	186	200	200	200	207	207	220	220	229	229	229	236	236	264	274	287	287	287	333	333	341	391	391	391	410	414	420	420	469	469	487	487	531	569	571	571	587	587	604	611	618	632	635	639	653	683	683	718	728	745
GTM	24	24	25	32	34	36	36	39	47	50	50	61	70	77	87	95	126	137	153	156	167	180	196	214	235	257	289	294	316	342	384	430	473	500	530	557	585	599	644	688	703	730	763	798	832	900	967	1052	1114	1199	1342	1518	1643	1763	1912	2001	2133	2265	2512	2743	3054	3424	3760	3954	4145	4348	4607	4739	5087	5336	5586	5760	6154	6485	6792	7055	7502	7866	8221
RWA	41	50	54	60	70	70	75	82	84	89	102	102	104	105	110	113	118	120	126	127	134	136	138	138	144	147	147	150	153	154	176	183	191	207	212	225	243	249	255	259	261	261	268	271	273	280	284	285	286	287	287	287	289	292	297	308	314	320	321	325	327	336	339	346	349	355	359	370	377	384	397	410	420	431	439	451	463	476	494
SUR	7	7	8	8	8	8	8	8	8	10	10	10	10	10	10	10	10	10	10	10	10	10	10	10	10	10	10	10	10	10	10	10	10	10	10	10	10	10	10	10	10	10	10	10	10	10	10	10	10	10	10	10	10	10	11	11	11	11	11	11	11	11	11	11	12	12	12	14	27	53	54	82	82	90	101	128	133	137	144
URY	217	217	238	274	303	309	320	338	350	369	386	400	406	415	424	446	453	465	472	483	483	492	493	502	508	517	528	535	543	549	557	563	596	606	620	625	630	643	648	652	655	657	670	673	684	694	702	707	711	717	719	724	732	734	734	737	738	746	749	753	764	769	787	789	803	811	816	821	823	825	826	828	832	834	845	845	845	846	847
SOM	2	3	3	3	3	3	5	5	5	7	7	7	7	8	12	12	21	21	25	60	60	80	80	116	135	164	237	286	328	328	390	436	480	528	582	601	601	671	722	756	835	873	928	928	997	1054	1089	1170	1219	1284	1284	1357	1421	1455	1502	1573	1594	1594	1594	1594	1594	1689	1711	1731	1828	1828	1916	1976	2023	2089	2146	2204	2204	2289	2334	2368	2416	2452	2513
UZB	65	83	104	133	145	149	173	190	221	241	298	390	472	534	555	624	624	796	896	1054	1214	1349	1380	1450	1495	1565	1657	1657	1716	1778	1836	1865	1887	1924	1955	2031	2046	2094	2127	2160	2189	2217	2266	2314	2336	2387	2411	2509	2598	2620	2652	2691	2741	2762	2802	2880	2950	3006	3078	3132	3180	3261	3333	3396	3463	3513	3554	3662	3718	3718	3874	3965	4022	4181	4352	4448	4547	4695	4695
BEN	6	6	6	6	6	6	9	13	13	13	13	22	23	26	26	30	30	35	35	35	35	35	37	37	37	37	54	54	54	58	58	58	64	64	64	69	84	90	90	90	96	102	102	140	242	284	319	319	327	327	339	339	339	339	129	130	130	135	135	135	191	191	208	210	218	218	232	232	243	244	244	261	261	268	268	305	339	339	390
LBR	3	3	3	3	3	3	6	6	6	7	10	13	14	14	31	31	37	48	50	51	59	59	73	76	81	91	99	101	101	101	117	120	124	133	141	141	141	152	154	158	166	170	178	189	199	199	204	211	212	213	215	219	223	226	229	233	238	240	249	255	265	265	266	266	269	273	280	288	296	311	316	321	334	345	359	370	383	397	410
MNE	52	67	70	82	85	91	105	120	140	160	197	203	223	248	248	252	255	262	267	274	288	288	303	305	308	308	312	313	314	316	319	319	321	321	321	322	322	322	322	322	323	324	324	324	324	324	324	324	324	324	324	324	324	324	324	324	324	324	324	324	324	324	324	324	324	324	324	324	324	324	324	324	324	324	324	324	324	324	324
TZA	13	13	13	14	19	19	20	20	20	20	20	22	24	24	25	25	32	32	32	49	53	88	94	148	148	171	255	255	285	285	300	300	300	300	300	480	480	480	480	480	480	480	480	509	509	509	509	509	509	509	509	509	509	509	509	509	509	509	509	509	509	509	509	509	509	509	509	509	509	509	509	509	509	509	509	509	509	509	509
DJI	12	13	15	19	26	31	34	41	50	51	59	90	121	135	140	150	187	215	298	363	435	591	732	732	732	846	945	974	986	999	1008	1023	1035	1072	1077	1089	1097	1112	1112	1112	1120	1120	1133	1135	1189	1189	1210	1256	1268	1268	1309	1331	1401	1518	1618	1828	2047	2047	2270	2270	2270	2468	2468	2697	2914	2914	3194	3354	3569	3779	3935	4054	4123	4169	4207	4278	4331	4373	4398
GMB	2	2	2	3	3	3	3	3	4	4	4	4	4	4	4	4	4	9	9	9	9	9	9	9	9	9	10	10	10	10	10	10	10	10	10	11	12	12	17	17	17	17	17	18	20	20	20	22	23	23	23	23	23	24	24	24	24	24	25	25	25	25	25	25	25	25	25	25	25	26	26	26	26	26	26	28	28	28	28
GRL	5	6	9	10	10	10	10	10	10	10	10	11	11	11	11	11	11	11	11	11	11	11	11	11	11	11	11	11	11	11	11	11	11	11	11	11	11	11	11	11	11	11	11	11	11	11	11	11	11	11	11	11	11	11	11	11	11	11	11	11	11	12	12	12	13	13	13	13	13	13	13	13	13	13	13	13	13	13	13
KGZ	44	58	58	84	84	107	111	115	130	144	147	216	228	270	280	298	339	377	419	430	449	466	489	506	554	568	590	612	631	656	665	682	695	708	729	746	756	769	795	830	843	871	895	906	931	1002	1016	1037	1044	1082	1111	1117	1138	1216	1243	1270	1313	1350	1365	1403	1433	1468	1520	1594	1662	1722	1748	1817	1845	1871	1899	1936	1974	2007	2032	2055	2093	2129	2129
ZMB	3	13	13	16	35	35	35	36	39	39	39	39	39	39	39	39	40	40	43	45	45	48	48	52	57	61	65	70	74	76	84	84	88	89	95	97	106	109	119	124	137	137	139	153	167	252	267	267	441	446	654	668	679	753	761	772	832	866	920	920	920	920	920	1057	1057	1057	1057	1057	1089	1089	1089	1111	1111	1154	1154	1200	1200	1252	1252
TCD	3	5	5	5	5	5	7	7	7	7	7	9	9	10	10	11	11	11	18	23	23	27	27	33	33	33	33	34	34	34	40	46	46	46	52	52	73	73	117	117	117	170	170	253	260	322	322	322	357	372	399	428	474	503	519	545	565	588	611	648	675	687	700	715	726	759	759	778	790	803	820	828	836	836	837	839	844	846	848
SLV	13	13	13	19	24	30	30	32	41	46	56	62	69	78	93	103	117	118	125	137	149	159	164	177	190	201	218	225	237	250	261	274	298	323	345	377	395	424	446	490	555	587	633	695	742	784	889	958	998	1037	1112	1210	1265	1338	1413	1498	1571	1640	1725	1819	1915	1983	2042	2109	2194	2278	2395	2517	2582	2653	2705	2781	2849	2934	3015	3104	3191	3274	3373
NIC	2	2	2	4	4	4	4	5	5	5	5	5	6	6	6	6	7	7	9	9	9	9	9	9	9	9	9	10	10	10	11	11	13	13	13	13	14	14	14	14	15	15	16	16	16	16	16	16	16	25	25	25	25	25	25	25	279	279	279	279	279	279	279	759	885	885	885	885	885	950	1309	1309	1309	1309	1309	1309	1309	1655	1655
NER	2	10	10	10	20	20	20	74	98	120	144	184	253	278	342	410	438	491	529	548	570	584	609	627	639	648	655	657	662	671	681	684	696	701	709	713	719	728	736	750	755	763	770	781	795	815	821	832	854	860	876	885	889	904	909	914	920	924	937	943	945	951	952	955	955	955	956	958	958	960	961	963	966	970	973	973	974	974	974
HTI	8	8	8	8	15	15	15	16	16	18	18	21	24	25	27	30	30	31	31	40	40	41	41	43	44	44	47	57	58	62	72	72	72	74	76	76	76	81	85	85	88	100	101	108	129	146	151	182	209	219	234	273	310	358	456	533	596	663	734	812	865	958	1063	1174	1320	1443	1584	1865	2124	2226	2507	2604	2640	2924	3072	3334	3538	3662	3796
PNG	1	1	1	1	1	1	1	1	1	1	1	1	1	1	2	2	2	2	2	2	2	2	7	7	7	7	7	7	8	8	8	8	8	8	8	8	8	8	8	8	8	8	8	8	8	8	8	8	8	8	8	8	8	8	8	8	8	8	8	8	8	8	8	8	8	8	8	8	8	8	8	8	8	8	8	8	8	8	8
TLS	1	1	1	1	1	1	1	1	1	1	1	1	1	1	1	1	2	2	4	6	6	18	18	18	19	22	23	23	23	24	24	24	24	24	24	24	24	24	24	24	24	24	24	24	24	24	24	24	24	24	24	24	24	24	24	24	24	24	24	24	24	24	24	24	24	24	24	24	24	24	24	24	24	24	24	24	24	24	24
ZWE	2	5	5	5	5	8	8	8	9	9	9	9	9	11	11	11	11	13	14	17	18	23	23	24	25	25	25	28	28	28	29	31	31	31	32	32	32	34	34	34	34	34	34	34	34	35	36	36	37	37	37	42	44	44	46	46	48	51	51	56	56	56	56	132	132	149	174	178	178	206	222	222	265	279	279	287	314	320	332
AGO	2	2	2	2	2	7	7	8	8	10	10	14	16	17	19	19	19	19	19	19	19	19	19	19	19	19	24	24	24	25	25	25	26	27	27	27	27	29	35	35	35	36	36	36	36	43	45	45	45	45	48	48	48	48	50	52	58	60	60	60	69	69	71	71	73	81	84	86	86	86	86	86	86	86	91	92	96	113	118
ERI	4	6	6	6	6	6	6	15	20	20	20	29	29	31	33	33	33	33	34	34	34	35	35	35	39	39	39	39	39	39	39	39	39	39	39	39	39	39	39	39	39	39	39	39	39	39	39	39	39	39	39	39	39	39	39	39	39	39	39	39	39	39	39	39	39	39	39	39	39	39	39	41	41	41	41	41	41	41	41
MDG	19	24	26	37	44	46	53	59	65	70	70	77	85	92	93	95	95	104	106	106	110	110	117	117	120	121	121	121	121	121	122	124	128	128	128	128	132	135	149	151	158	158	193	193	169	169	169	186	192	212	230	238	283	304	322	326	371	405	448	488	527	542	586	612	656	698	758	771	826	845	908	957	975	1026	1052	1094	1138	1162	1203
UGA	14	14	14	30	33	33	33	44	45	48	48	48	52	52	53	53	53	53	54	54	54	55	55	55	55	55	55	56	61	63	75	75	75	79	79	79	81	83	85	88	89	97	98	101	101	116	121	122	126	139	160	203	227	227	260	260	264	264	274	312	304	304	341	351	410	410	446	458	458	586	636	651	686	722	745	775	775	794	808
MOZ	5	5	7	8	8	8	8	10	10	10	10	10	10	10	17	17	20	20	20	21	28	28	29	31	31	35	35	39	41	41	65	70	76	76	76	76	76	79	79	80	80	80	81	81	82	87	91	103	104	107	115	119	129	137	145	146	156	162	164	168	194	209	213	227	233	234	244	254	254	307	316	352	352	409	424	433	453	472	489
SYR	5	5	5	9	9	10	10	10	16	16	19	19	19	19	19	19	25	25	25	25	29	33	33	38	38	39	39	42	42	42	42	42	43	43	43	43	43	44	44	44	44	45	45	45	47	47	47	47	48	48	48	50	51	58	58	58	58	58	59	70	86	106	121	121	122	122	122	122	123	123	123	124	124	125	141	144	146	152	164
BLZ	2	2	2	2	2	3	3	3	3	3	4	5	7	7	8	9	10	10	13	14	18	18	18	18	18	18	18	18	18	18	18	18	18	18	18	18	18	18	18	18	18	18	18	18	18	18	18	18	18	18	18	18	18	18	18	18	18	18	18	18	18	18	18	18	18	18	18	18	18	18	18	18	18	19	19	19	19	20	20
LAO	3	6	6	6	8	9	9	10	10	10	10	11	12	14	15	16	16	18	19	19	19	19	19	19	19	19	19	19	19	19	19	19	19	19	19	19	19	19	19	19	19	19	19	19	19	19	19	19	19	19	19	19	19	19	19	19	19	19	19	19	19	19	19	19	19	19	19	19	19	19	19	19	19	19	19	19	19	19	19
MMR	3	5	5	8	10	14	15	16	20	20	21	21	22	22	22	27	28	38	41	62	74	85	85	94	107	111	119	121	127	139	144	146	146	146	150	150	151	151	151	155	161	161	162	176	177	178	180	180	180	181	181	182	184	188	191	193	199	199	201	201	201	206	206	206	206	224	224	224	228	233	234	236	236	240	242	244	246	248	261
LBY	1	1	1	3	8	8	10	10	11	17	18	18	19	21	21	24	24	25	25	26	35	48	49	49	49	51	51	59	60	60	61	61	61	61	61	61	63	63	63	63	63	64	64	64	64	64	64	64	64	64	64	64	65	65	65	68	71	71	72	75	75	75	77	99	105	118	130	156	168	182	196	196	239	256	256	332	332	378	393
GNB	2	2	2	2	2	8	9	9	9	15	18	18	33	33	33	35	35	38	39	39	40	43	46	50	50	50	50	50	50	52	52	52	53	73	73	77	201	257	260	292	292	292	508	508	508	642	642	761	820	836	913	913	913	990	1038	1038	1089	1109	1114	1114	1173	1173	1173	1173	1195	1256	1256	1322	1339	1339	1346	1346	1368	1368	1368	1389	1389	1389	1389
MLI	2	2	9	18	18	18	18	28	28	36	39	39	39	47	56	59	74	87	87	116	123	144	171	190	216	224	246	258	293	309	325	370	389	408	424	482	490	508	544	563	580	612	631	650	668	692	704	712	730	758	779	806	835	860	874	901	931	931	969	1015	1030	1059	1077	1116	1194	1226	1250	1265	1315	1351	1386	1461	1485	1523	1533	1547	1586	1667	1722
BWA	null	null	null	null	null	null	3	3	4	4	4	4	6	6	6	13	13	13	13	13	13	13	15	15	15	20	20	20	22	22	22	22	22	22	23	23	23	23	23	23	23	23	23	23	23	23	23	24	24	24	24	24	25	25	25	25	25	29	29	29	35	35	35	35	35	35	35	38	38	40	40	40	40	40	40	42	42	48	48
BDI	null	null	null	null	null	null	2	2	3	3	3	3	3	3	3	3	3	3	5	5	5	5	5	5	5	6	6	11	11	11	12	12	15	15	15	15	15	15	19	19	19	19	19	19	19	19	19	19	27	27	27	27	27	42	42	42	42	42	42	42	42	42	42	42	42	42	42	63	63	63	63	63	63	83	83	83	83	83	94
SLE	null	null	null	null	null	null	1	2	2	2	4	6	6	6	7	7	7	8	10	10	11	13	15	26	30	35	43	50	61	64	82	86	93	99	104	116	124	136	155	157	178	199	225	231	257	291	307	338	338	387	408	447	462	505	519	534	570	585	606	621	721	735	754	782	812	829	852	861	865	896	909	914	929	946	969	1001	1025	1062	1085
MWI	null	null	null	null	null	null	null	null	3	3	3	4	4	8	8	8	9	12	13	16	16	16	16	17	17	17	17	18	23	33	33	33	34	36	36	36	37	37	38	39	41	41	43	43	43	56	56	57	58	63	63	63	65	70	70	71	72	72	82	83	83	101	101	101	203	273	279	284	336	358	369	393	409	409	438	443	455	455	481
YEM	null	null	null	null	null	null	null	null	null	null	null	null	null	null	null	1	1	1	1	1	1	1	1	1	1	1	1	1	1	1	1	1	1	1	6	6	6	7	10	10	21	26	26	35	36	36	53	67	72	87	108	124	126	132	134	171	184	197	209	216	226	237	253	260	282	287	314	327	358	403	423	457	473	486	488	500	528	564	595
TJK	null	null	null	null	null	null	null	null	null	null	null	null	null	null	null	null	null	null	null	null	null	null	null	null	null	null	null	null	null	null	null	null	null	null	null	null	15	32	76	128	230	293	379	461	522	561	612	661	729	729	1085	1118	1322	1322	1729	1936	2140	2350	2551	2738	2929	3100	3266	3424	3563	3686	3807	3930	4013	4100	4191	4289	4370	4453	4529	4609	4690	4763	4763
LSO	null	null	null	null	null	null	null	null	null	null	null	null	null	null	null	null	null	null	null	null	null	null	null	null	null	null	null	null	null	null	null	null	null	null	null	null	null	null	null	null	null	null	null	null	null	null	null	null	null	1	1	1	1	1	1	1	1	1	2	2	2	2	2	2	2	2	2	2	2	2	4	4	4	4	4	4	4	4	4
PRK	null	null	null	null	null	null	null	null	null	null	null	null	null	null	null	null	null	null	null	null	null	null	null	null	null	null	null	null	null	null	null	null	null	null	null	null	null	null	null	null	null	null	null	null	null	null	null	null	null	null	null	null	null	null	null	null	null	null	null	null	null	null	null	null	null	null	null	null	null	null	null	null	null	null	null	null	null	null	null
TKM	null	null	null	null	null	null	null	null	null	null	null	null	null	null	null	null	null	null	null	null	null	null	null	null	null	null	null	null	null	null	null	null	null	null	null	null	null	null	null	null	null	null	null	null	null	null	null	null	null	null	null	null	null	null	null	null	null	null	null	null	null	null	null	null	null	null	null	null	null	null	null	null	null	null	null	null	null	null	null
XKX	null	null	null	null	null	null	null	null	null	null	null	null	null	null	null	null	null	null	null	null	null	null	null	null	null	null	null	null	null	null	null	null	null	null	null	null	null	null	null	null	null	null	null	null	null	null	null	null	null	null	null	null	null	null	null	null	null	null	null	null	null	null	null	null	null	null	null	null	null	null	null	null	null	null	null	null	null	null	null
-A	949.10838	950.63694	1001.64684	1196.45718	1420.32174	1628.6112	1889.84442	2168.95716	2473.488	2798.92074	3170.69664	3558.74244	3865.53138	4207.25718	4574.4474	4931.79462	5341.5645	5707.56198	6073.87212	6413.25876	6696.34344	6995.1306	7327.60398	7704.5214	8052.18774	8379.3459	8699.74134	8996.58306	9274.72308	9612.01374	9967.73976	10413.67398	10789.06284	11127.40728	11388.43206	11626.01892	11989.38774	12357.33066	12667.1304	13035.82602	13374.7263	13562.3223	13820.17416	14076.31218	14426.0745	14725.6491	15034.16346	15309.38532	15518.33484	15766.42476	16007.75196	16321.45416	16585.6287	16955.80656	17108.97522	17391.72408	17661.65388	17925.52734	18162.62784	18442.29642	18745.20606	18921.8358	19210.01568	19399.48764	19626.52512	19872.18324	20080.1832	20352.10476	20654.52804	20824.6614	21112.8876	21281.75874	21514.15776	21849.07452	22183.94496	22390.6248	22593.69168	22793.27298	23028.52068
-B	50778.11794	50859.89722	53588.97092	64011.49234	75988.43962	87132.1056	101108.30846	116041.08108	132333.744	149744.67662	169635.00832	190395.79372	206809.26694	225091.89234	244736.8862	263855.27106	285778.3135	305359.49474	324957.40356	343114.88188	358260.15672	374245.5278	392033.14074	412198.5482	430798.99762	448302.2417	465443.67442	481324.96278	496205.69404	514251.03562	533282.68488	557140.55074	577224.17892	595325.89864	609290.94978	622002.05196	641442.59762	661127.86158	677702.4152	697427.94926	715559.4069	725595.9549	739391.25208	753094.85734	771807.4435	787834.9433	804340.72798	819065.33516	830244.31492	843517.33988	856428.55348	873211.89208	887345.4581	907150.29328	915344.94886	930472.25704	944913.73444	959031.19242	971716.27392	986678.78446	1002884.71178	1012334.5554	1027752.42784	1037889.34132	1050036.04256	1063178.96412	1074307.1416	1088855.17988	1105035.08652	1114137.3682	1129557.7188	1138592.47062	1151026.01888	1168944.35476	1186860.21248	1197917.7624	1208782.01584	1219459.78774	1232045.74284
-C	27215.96966	27259.80158	28722.52588	34308.77126	40728.15518	46700.9184	54191.85994	62195.50212	70928.016	80259.89818	90920.68448	102048.01508	110845.28066	120644.37126	131173.6618	141420.70134	153170.9765	163666.06486	174170.11884	183902.13332	192019.67208	200587.4842	210121.25886	220929.4798	230898.91718	240280.2763	249467.71238	257979.73842	265955.48756	275627.39918	285827.95032	298615.24886	309379.63788	319081.76696	326566.73142	333379.60644	343799.31718	354350.19162	363233.7928	373806.25114	383524.3191	388903.6911	396297.67112	403642.50626	413672.0465	422262.4387	431109.18122	439001.25124	444992.94188	452106.99532	459027.12572	468022.63112	475597.9159	486212.87792	490605.03554	498712.94456	506453.26316	514019.91438	520818.84288	528838.42394	537524.44942	542589.3606	550853.00576	556286.17148	562796.53984	569840.86068	575805.3224	583602.75532	592274.83428	597153.4598	605418.4332	610260.86418	616924.97632	626528.81564	636131.32672	642057.9336	647880.93776	653603.99186	660349.79076
-D	13972.71128	13995.21464	14746.17904	17614.16408	20909.88344	23976.3072	27822.16552	31931.24496	36414.528	41205.52744	46678.78784	52391.57264	56908.09928	61938.96408	67344.7144	72605.55672	78638.162	84026.35288	89419.14672	94415.57456	98583.12864	102981.8536	107876.50488	113425.4584	118543.77944	123360.1804	128077.02104	132447.10536	136541.86448	141507.43544	146744.41056	153309.42488	158835.87504	163816.95968	167659.74936	171157.48752	176506.97944	181923.81096	186484.6624	191912.57512	196901.8428	199663.6188	203459.69696	207230.54408	212379.722	216790.0396	221331.96776	225383.76592	228459.90704	232112.27056	235665.07376	240283.37696	244172.5372	249622.27136	251877.21032	256039.82048	260013.70928	263898.43704	267389.01504	271506.27752	275965.69336	278566.0248	282808.59008	285597.98384	288940.41472	292556.97744	295619.1392	299622.35056	304074.60624	306579.2984	310822.5456	313308.65544	316730.01856	321660.64112	326590.58176	329633.3088	332622.84608	335561.06888	339024.37008
-E	35295.68504	35352.52952	37249.49872	44494.15544	52819.28792	60565.2096	70280.01736	80659.73328	91984.704	104086.97992	117912.67712	132343.42352	143752.36904	156460.55544	170115.7192	183404.83896	198643.466	212254.27384	225876.70896	238497.90608	249025.33152	260136.7048	272500.80984	286517.7112	299446.81592	311613.2572	323528.20472	334567.23048	344910.77264	357454.02392	370682.85408	387266.36984	401226.42672	413808.86624	423515.92248	432351.36336	445864.41592	459547.57128	471068.4832	484779.63016	497382.7404	504359.1084	513948.16928	523473.49544	536480.546	547621.2028	559094.31368	569329.33456	577099.80272	586325.83408	595300.37168	606966.40928	616790.5996	630556.86848	636252.94376	646767.88064	656806.09904	666619.09272	675436.44672	685836.83336	697101.51448	703670.0664	714386.97344	721433.10512	729876.23296	739011.82992	746746.9856	756859.27408	768105.86832	774432.8312	785151.4608	791431.48392	800073.99808	812528.96816	824982.21568	832668.2784	840219.98144	847642.06184	856390.51344
-F	42139.42854	42207.29502	44472.08172	53121.45894	63060.81342	72308.6496	83907.13386	96299.45028	109820.304	124269.18042	140775.64512	158004.47652	171625.58754	186797.85894	203100.7242	218966.57046	237159.9285	253409.83734	269673.62796	284742.04308	297310.70952	310576.5498	325338.02334	342072.7662	357508.79142	372034.2747	386259.50022	399438.96498	411788.09364	426763.44942	442557.31608	462356.33334	479023.20972	494045.35224	505634.58198	516183.19236	532316.39142	548652.67578	562407.4632	578777.16666	593823.9879	602153.0559	613601.41128	624973.67394	640502.7585	653803.5603	667501.27818	679720.84356	688997.98572	700012.92108	710727.59868	724655.65128	736384.7271	752820.24048	759620.77026	772174.52664	784159.13004	795874.83822	806401.85472	818818.84986	832267.72398	840109.9014	852904.78944	861317.14812	871397.37696	882304.34292	891539.3256	903612.36108	917039.64132	924593.3862	937390.3308	944888.03442	955206.31008	970076.26716	984944.16768	994120.5384	1003136.49744	1011997.70034	1022442.45444
-G	124.58072	124.78136	131.47696	157.04792	186.43256	213.7728	248.06248	284.69904	324.672	367.38856	416.18816	467.12336	507.39272	552.24792	600.4456	647.35128	701.138	749.17912	797.26128	841.80944	878.96736	918.1864	961.82712	1011.3016	1056.93656	1099.8796	1141.93496	1180.89864	1217.40752	1261.68056	1308.37344	1366.90712	1416.18096	1460.59232	1494.85464	1526.04048	1573.73656	1622.03304	1662.6976	1711.09288	1755.5772	1780.2012	1814.04704	1847.66792	1893.578	1932.9004	1973.39624	2009.52208	2036.94896	2069.51344	2101.19024	2142.36704	2177.0428	2225.63264	2245.73768	2282.85152	2318.28272	2352.91896	2384.04096	2420.75048	2460.51064	2483.6952	2521.52192	2546.39216	2576.19328	2608.43856	2635.7408	2671.43344	2711.12976	2733.4616	2771.2944	2793.46056	2823.96544	2867.92688	2911.88224	2939.0112	2965.66592	2991.86312	3022.74192
-H	124.58072	124.78136	131.47696	157.04792	186.43256	213.7728	248.06248	284.69904	324.672	367.38856	416.18816	467.12336	507.39272	552.24792	600.4456	647.35128	701.138	749.17912	797.26128	841.80944	878.96736	918.1864	961.82712	1011.3016	1056.93656	1099.8796	1141.93496	1180.89864	1217.40752	1261.68056	1308.37344	1366.90712	1416.18096	1460.59232	1494.85464	1526.04048	1573.73656	1622.03304	1662.6976	1711.09288	1755.5772	1780.2012	1814.04704	1847.66792	1893.578	1932.9004	1973.39624	2009.52208	2036.94896	2069.51344	2101.19024	2142.36704	2177.0428	2225.63264	2245.73768	2282.85152	2318.28272	2352.91896	2384.04096	2420.75048	2460.51064	2483.6952	2521.52192	2546.39216	2576.19328	2608.43856	2635.7408	2671.43344	2711.12976	2733.4616	2771.2944	2793.46056	2823.96544	2867.92688	2911.88224	2939.0112	2965.66592	2991.86312	3022.74192
-I	149.16902	149.40926	157.42636	188.04422	223.22846	255.9648	297.02218	340.88964	388.752	439.89946	498.33056	559.31876	607.53602	661.24422	718.9546	775.11798	839.5205	897.04342	954.61548	1007.95604	1052.44776	1099.4074	1151.66142	1210.9006	1265.54246	1316.9611	1367.31686	1413.97074	1457.68532	1510.69646	1566.60504	1636.69142	1695.69036	1748.86712	1789.89174	1827.23268	1884.34246	1942.17114	1990.8616	2048.80858	2102.0727	2131.5567	2172.08264	2212.33922	2267.3105	2314.3939	2362.88234	2406.13828	2438.97836	2477.97004	2515.89884	2565.20264	2606.7223	2664.90224	2688.97538	2733.41432	2775.83852	2817.31086	2854.57536	2898.53018	2946.13774	2973.8982	3019.19072	3048.96956	3084.65248	3123.26196	3155.9528	3198.69004	3246.22116	3272.9606	3318.2604	3344.80146	3381.32704	3433.96508	3486.59584	3519.0792	3550.99472	3582.36242	3619.33572
-J	1526.93343	1529.39259	1611.45774	1924.87023	2285.02539	2620.1232	3040.39737	3489.43626	3979.368	4502.92689	5101.04304	5725.33434	6218.89893	6768.67023	7359.4089	7934.31207	8593.55325	9182.37303	9771.69582	10317.70386	10773.13284	11253.8241	11788.71003	12395.0979	12954.42639	13480.76115	13996.21599	14473.77741	14921.25138	15463.88739	16036.18236	16753.60503	17357.53374	17901.86508	18321.80391	18704.03562	19288.62639	19880.57601	20378.9844	20972.14497	21517.37055	21819.17655	22234.01076	22646.08773	23208.78825	23690.74635	24187.08681	24629.86602	24966.02574	25365.15486	25753.40406	26258.09076	26683.09695	27278.64216	27525.06117	27979.94988	28414.21518	28838.73699	29220.18624	29670.11937	30157.44291	30441.6063	30905.23248	31210.05654	31575.31632	31970.53314	32305.1652	32742.63486	33229.17594	33502.8879	33966.5886	34238.26989	34612.15536	35150.97222	35689.71456	36022.2228	36348.91848	36670.00653	37048.47498
-K	322.10673	322.62549	339.93714	406.05153	482.02629	552.7152	641.37207	736.09686	839.448	949.89279	1076.06544	1207.75974	1311.87723	1427.85153	1552.4679	1673.74377	1812.81075	1937.02233	2061.34002	2176.52046	2272.59324	2373.9951	2486.82933	2614.7469	2732.73729	2843.76765	2952.50289	3053.24451	3147.63918	3262.10829	3382.83396	3534.17433	3661.57314	3776.39988	3864.98601	3945.61782	4068.93729	4193.80911	4298.9484	4424.07567	4539.09105	4602.75705	4690.26636	4777.19403	4895.89575	4997.56485	5102.26791	5195.67222	5266.58514	5350.78146	5432.68266	5539.14636	5628.80145	5754.43176	5806.41387	5902.37268	5993.98098	6083.53389	6164.00064	6258.91407	6361.71501	6421.6593	6519.46128	6583.76394	6660.81552	6744.18654	6814.7772	6907.06146	7009.69734	7067.4369	7165.2546	7222.56579	7301.43696	7415.10042	7528.74816	7598.8908	7667.80728	7735.54083	7815.37878
-L	249.16144	249.56272	262.95392	314.09584	372.86512	427.5456	496.12496	569.39808	649.344	734.77712	832.37632	934.24672	1014.78544	1104.49584	1200.8912	1294.70256	1402.276	1498.35824	1594.52256	1683.61888	1757.93472	1836.3728	1923.65424	2022.6032	2113.87312	2199.7592	2283.86992	2361.79728	2434.81504	2523.36112	2616.74688	2733.81424	2832.36192	2921.18464	2989.70928	3052.08096	3147.47312	3244.06608	3325.3952	3422.18576	3511.1544	3560.4024	3628.09408	3695.33584	3787.156	3865.8008	3946.79248	4019.04416	4073.89792	4139.02688	4202.38048	4284.73408	4354.0856	4451.26528	4491.47536	4565.70304	4636.56544	4705.83792	4768.08192	4841.50096	4921.02128	4967.3904	5043.04384	5092.78432	5152.38656	5216.87712	5271.4816	5342.86688	5422.25952	5466.9232	5542.5888	5586.92112	5647.93088	5735.85376	5823.76448	5878.0224	5931.33184	5983.72624	6045.48384
-M	591.75842	592.71146	624.51556	745.97762	885.55466	1015.4208	1178.29678	1352.32044	1542.192	1745.09566	1976.89376	2218.83596	2410.11542	2623.17762	2852.1166	3074.91858	3330.4055	3558.60082	3786.99108	3998.59484	4175.09496	4361.3854	4568.67882	4803.6826	5020.44866	5224.4281	5424.19106	5609.26854	5782.68572	5992.98266	6214.77384	6492.80882	6726.85956	6937.81352	7100.55954	7248.69228	7475.24866	7704.65694	7897.8136	8127.69118	8338.9917	8455.9557	8616.72344	8776.42262	8994.4955	9181.2769	9373.63214	9545.22988	9675.50756	9830.18884	9980.65364	10176.24344	10340.9533	10571.75504	10667.25398	10843.54472	11011.84292	11176.36506	11324.19456	11498.56478	11687.42554	11797.5522	11977.22912	12095.36276	12236.91808	12390.08316	12519.7688	12689.30884	12877.86636	12983.9426	13163.6484	13268.93766	13413.83584	13622.65268	13831.44064	13960.3032	14086.91312	14211.34982	14358.02412
-N	3829.21792	3835.38496	4041.18656	4827.15712	5730.34816	6570.7008	7624.65728	8750.74944	9979.392	11292.36416	12792.30976	14357.89696	15595.64992	16974.35712	18455.8016	19897.53408	21550.768	23027.40032	24505.29408	25874.56384	27016.68096	28222.1504	29563.52832	31084.2176	32486.89216	33806.8256	35099.47456	36297.09504	37419.26272	38780.07616	40215.26784	42014.40832	43528.93056	44893.99552	45947.11104	46905.66528	48371.69216	49856.17344	51106.0736	52593.59168	53960.8992	54717.7632	55758.07744	56791.47712	58202.608	59411.2544	60655.96864	61766.36288	62609.37856	63610.30784	64583.95264	65849.59744	66915.4208	68408.91904	69026.88448	70167.64672	71256.68992	72321.29856	73277.89056	74406.22528	75628.32704	76340.9472	77503.62112	78268.05376	79184.04608	80175.16416	81014.3488	82111.42784	83331.56736	84017.9776	85180.8384	85862.15616	86799.77984	88151.01568	89502.06464	90335.9232	91155.20512	91960.42432	92909.54112
-O	2035.09163	2038.36919	2147.74534	2565.46043	3045.47399	3492.0912	4052.23117	4650.70866	5303.688	6001.48549	6798.65264	7630.70594	8288.52713	9021.26043	9808.5949	10574.82387	11453.45825	12238.23523	13023.68262	13751.40026	14358.39444	14999.0581	15711.95223	16520.1439	17265.61499	17967.11215	18654.10859	19290.60081	19886.99258	20610.21599	21372.96876	22329.14723	23134.06134	23859.54428	24419.23731	24928.67442	25707.81499	26496.76341	27161.0404	27951.60277	28678.27755	29080.52355	29633.41316	30182.62793	30932.59325	31574.94535	32236.46621	32826.60082	33274.63334	33806.59126	34324.04846	34996.69316	35563.13995	36356.88056	36685.30697	37291.58108	37870.36838	38436.16959	38944.56384	39544.23317	40193.73631	40572.4683	41190.38768	41596.65614	42083.47312	42610.21674	43056.2132	43639.27126	44287.73154	44652.5339	45270.5526	45632.64849	46130.96176	46849.09502	47567.12896	48010.2948	48445.71368	48873.65873	49378.08018
