Country Code	Country Name	2006	2007	2008	2009	2010	2011	2012	2013	2014	2015	2016
AFG	Afghanistan	269.229693018123	366.230443242864	370.382293977374	444.18440407545	550.514973976336	599.29762975711	648.511069587633	647.966460473683	625.3395388285	590.076473832575	549.582759921642
AGO	Angola	2585.13352204929	3108.26864317894	4068.97845646361	3117.89694392484	3585.90555256868	4615.86747457004	5102.48996931589	5258.40737644433	5412.6923476178	4170.73035829413	3509.60421142273
ALB	Albania	2972.74292399799	3595.03805682893	4370.5399247769	4114.13489916342	4094.36020359235	4437.17779448652	4247.61434236292	4413.08288688408	4578.66793446159	3952.83078116586	4131.87234065272
ARE	United Arab Emirates	42372.2216623658	42672.6132294857	45758.9055356627	33072.5751663719	35037.8926731322	40434.3663503001	42086.689953233	43315.1414921653	44443.0615141941	39122.0497054272	38517.8003858029
ARG	Argentina	5878.76102735208	7193.61763973522	8953.35927526277	8161.30696648652	10276.2604977053	12726.9083594731	12969.7071238969	12976.6364245411	12245.2564487696	13698.2934384857	12654.3549989958
ARM	Armenia	2158.00290895457	3138.80870341248	4010.02699722693	2993.83253109033	3218.38165488465	3526.97814267659	3684.80481032649	3843.5912130934	3994.71235479566	3617.93574555176	3605.74311684256
AUS	Australia	36019.203051188	40905.4708936845	49535.2578737769	42709.8033034787	51936.8887116461	62411.7854473961	67864.6898624672	67990.2900304798	62327.5559390333	56561.4123818054	49896.6811009246
AUT	Austria	40635.2818159724	46855.7717452095	51708.7657541758	47963.1794023217	46858.0432733717	51374.9584066934	48567.69528642	50716.7087062864	51704.5411875921	44206.7842820834	44731.0108553361
AZE	Azerbaijan	2473.08181863536	3851.43786871172	5574.60380218613	4950.29479142375	5842.80578358576	7189.69122920765	7496.29464768263	7875.75695254288	7891.31314749986	5500.31038244408	3880.73873089556
BDI	Burundi	165.904748464318	170.815151502331	196.271807860329	209.853762116211	231.795536921138	247.229379111229	250.362736551083	255.372690981804	273.538284989312	304.374220715324	281.181337625778
BEL	Belgium	38852.3729277437	44403.7668991523	48424.5755963147	44880.5730196227	44380.1766327308	47702.8118941685	44740.5832481477	46582.6695503412	47351.9741788818	40361.1541907535	41260.9775511468
BEN	Benin	625.830091976463	706.053541900699	820.151349819346	793.452430030705	757.695907409377	825.942785363215	837.950500075362	915.328155408233	943.686575031401	783.963077800944	788.532442415695
BFA	Burkina Faso	420.582523292431	475.110012184526	569.761278420207	552.745552106433	575.446452687734	666.840410055466	673.822818226635	699.781537016479	703.821656461717	575.314454176311	583.830898212126
BGD	Bangladesh	494.050146576549	541.065148395087	615.777541053092	681.120536769049	757.671757176894	835.789340127412	856.342857027401	951.889453456343	1084.56542980269	1210.1588492338	1358.77918567012
BGR	Bulgaria	4490.20177692701	5885.94925197955	7261.75449200277	6969.55855668357	6843.26694975885	7813.80669236432	7378.02473005713	7646.83986554542	7864.76067225524	6993.78348267387	7469.45563823624
BIH	Bosnia and Herzegovina	3403.81529715873	4180.91353198174	5078.31457720914	4701.33442641347	4614.8290411405	5054.32534423757	4722.01340306727	5042.58221304612	5204.24371841169	4584.24254781755	4808.63604287112
BLR	Belarus	3847.43412382153	4735.65760793999	6377.36973201232	5351.35538243278	6181.39991568753	6519.23019498892	6940.15925359735	7978.87261471076	8318.51268992675	5949.10630699748	5025.40506387702
BLZ	Belize	4187.29049654855	4324.77304486825	4470.22079597603	4253.24675324675	4342.9631725579	4515.89270091618	4644.55956471766	4673.24503676844	4813.7180332903	4905.53664469729	4923.35892237174
BOL	Bolivia	1233.59186917076	1389.62934991949	1736.93008403587	1776.86647562189	1981.17011618476	2377.68877123935	2645.22775260146	2947.93852628051	3124.00030982516	3077.02619917158	3117.3304591216
BRA	Brazil	5860.14582941752	7313.55777336115	8787.61065756604	8553.38136825695	11224.1540829355	13167.4728917533	12291.4668523291	12216.9044643396	12026.6193906313	8750.22299607324	8639.36574344537
BRN	Brunei Darussalam	30980.9669198566	32672.3671711068	37951.2805959782	27965.4750379503	35268.1011703581	47017.0273004715	47651.2590896413	44597.279681535	41530.6689792581	30967.890506377	26939.4180218582
BTN	Bhutan	1335.45690588598	1741.14255168898	1795.18130720282	1770.23449659172	2178.92138307967	2458.0459761545	2422.00801577828	2350.88288924473	2522.79495302098	2616.01034294902	2782.367966626
BWA	Botswana	5374.55486690776	5714.04793606743	5623.37956613594	5185.72984538137	6346.15620387349	7483.87868923783	6901.97197112909	7001.03441754297	7493.75292370659	6521.14612848265	6954.14412626757
CAF	Central African Republic	347.607171913446	397.01715436953	456.861826817016	449.961204097	446.443687795492	490.510390672227	483.186093239243	337.484979032029	377.1321263233	348.381427149795	382.07028106683
CAN	Canada	40386.6994835116	44544.5268004039	46596.3359912609	40773.4543637445	47447.4760241936	52082.2107601003	52496.6948704709	52418.3150618347	50633.2088224323	43525.3701865304	42348.9454605979
CHE	Switzerland	57579.5019538092	63555.2374995504	72487.8459296849	69927.4687701171	74605.7210207051	88415.6280609527	83538.2300783858	85112.4643984141	86605.5633762421	82016.0213129432	79866.0318745681
CHL	Chile	9484.68122668526	10526.8774613085	10781.3660783703	10243.328236588	12860.1776447469	14705.6924209903	15431.9029324117	15941.3972192355	14794.315829612	13736.6356879313	13960.894209996
CHN	China	2099.22943460447	2695.36591709669	3471.2480543115	3838.43397176904	4560.51258600929	5633.7957168394	6337.88332279255	7077.77076539558	7683.50261309118	8069.21302389511	8117.26746543179
CIV	Cote d'Ivoire	951.947895564691	1065.89637469891	1242.43104388465	1217.74920575106	1219.74909551521	1214.70394645331	1250.80892415322	1423.68228222575	1568.62762832733	1715.10551782589	1493.50606064011
CMR	Cameroon	1081.36983060812	1215.80821289835	1396.82498760165	1338.88437707877	1309.12220801948	1429.64755266211	1380.50984820072	1493.74656747065	1571.18253466367	1353.92448961447	1391.75188266553
COD	Congo, Dem. Rep.	255.591313804132	286.507537174865	327.767654268638	298.806956230642	334.231702517329	387.323579611864	424.859318512183	458.238406189045	487.081486881176	497.629755725505	471.635945618558
COG	Congo, Rep.	2012.11007047306	2111.20948856339	2881.59411605216	2255.33311863864	2737.34233022991	3196.64752370824	2952.05234806594	2964.57298903058	2910.52022576864	1712.12114632566	1762.80991296879
COL	Colombia	3677.13404157319	4635.69227663314	5383.13269367517	5119.19164052311	6230.73836562837	7207.02890473028	7904.49578864701	8065.96037623402	7974.40637302503	6085.20997863116	5813.69451945762
CRI	Costa Rica	5245.18737330548	6120.62339974311	6911.1361524468	6809.39622366387	8199.41462069479	9186.59638994181	9985.36958968047	10569.6663143709	10630.9979007564	11393.0284206956	11767.5042491362
CUB	Cuba	4669.06091614789	5184.49422741447	5376.4476221145	5484.77630011197	5676.14140269906	6075.92430626005	6425.94111866075	6760.15343974549	7050.49324868243	7602.27866814548	7961.8458795073
CYP	Cyprus	27169.9925579717	31386.6326506534	35390.7048833763	32105.8159000782	30818.4639574235	32233.8394246573	28984.9148053503	27942.3166728809	27400.802986104	23212.2247018375	23666.9735713776
CZE	Czech Republic	15183.6360541375	18373.6489976913	22698.8539572605	19741.5976279826	19808.0710912518	21717.4579392202	19729.8705111763	19916.0193873722	19744.5586092159	17715.6168523009	18483.7164797716
DEU	Germany	36447.8723183195	41814.8190965222	45699.1983232962	41732.707253158	41785.556912554	46810.3279588057	44065.2489082767	46530.9114275776	48042.5634346518	41323.921502169	42232.5742082948
DJI	Djibouti	965.669377892257	1047.58689638521	1214.07711829591	1253.65743119943	1325.99072352076	1430.98689832546	1536.15068518041	1477.36304247321	1595.1463648488	1761.6101575859	1872.23462294105
DNK	Denmark	52026.9931124155	58487.0450116405	64322.0666441526	58163.2935943068	58041.4112245601	61753.6600721804	58507.5002096272	61191.1926260428	62548.9850174371	53012.9965835008	53578.7565680928
DOM	Dominican Republic	4067.33291727245	4647.31035906985	5011.03793729372	4952.67750344452	5453.92686069139	5765.49645330522	5973.22293666431	6094.73490421055	6348.83776943483	6534.90855499375	6793.53812543935
DZA	Algeria	3464.61007870202	3935.18334285931	4905.25486576261	3868.83123040908	4463.39467488951	5432.41331978116	5565.13452104848	5471.12338878709	5466.42577841535	4162.8521805562	3943.49754982175
ECU	Ecuador	3350.78654130881	3590.71808551266	4274.95206457671	4255.56570141121	4657.3023611471	5223.35176320248	5702.10431276527	6074.09082895834	6396.63048339218	6150.15595531519	6099.31530342138
EGY	Egypt, Arab Rep.	1375.19631599113	1640.47606839651	2011.24615406866	2291.66706219766	2602.47954869567	2747.48032671166	3181.44170830415	3213.38915790942	3327.75424726108	3547.71301183827	3479.28124621174
ERI	Eritrea	297.828058802925	317.329433586554	326.082564151512	430.754449938105	482.1490904235	582.775530237486	582.775530237486	582.775530237486	582.775530237486	582.775530237486	582.775530237486
ESP	Spain	28482.6094833461	32709.4010383771	35579.3099338804	32334.0054777912	30736.6278530812	31835.2888008408	28563.8590381915	29211.7737455935	29623.1644451343	25789.5195481476	26616.757796551
EST	Estonia	12595.4106486304	16586.4052048847	18094.5480527831	14726.3182780587	14638.6048173457	17454.8434246435	17421.8902227378	19072.2385175669	19949.5813766971	17155.8741759995	17736.8026953521
ETH	Ethiopia	193.794905642516	243.302682246946	325.382554265056	379.756638540888	341.309909200504	354.846354368724	468.506724907536	502.153588732071	571.162275886001	645.465006707765	712.877949961138
FIN	Finland	41120.6765061581	48288.5490978186	53401.3148725198	47107.1557090705	46202.4151628454	50790.7241454802	47415.5598711351	49638.0771298139	49914.6186421589	42424.2208075022	43433.032224358
FRA	France	36443.6234414411	41508.4326882318	45334.1109147277	41575.4161783031	40638.33400426	43790.7353990492	40874.715955798	42592.9515190701	43008.6525700318	36613.3752159613	36870.2191344563
GAB	Gabon	7141.54916678737	8352.81710056754	10094.0274577256	7603.66022253846	8754.11337590957	10716.2025830862	9774.18101733614	9679.75891440111	9692.18212474344	7448.71568517725	7078.72954034874
GBR	United Kingdom	44252.3158234429	50134.3160971463	46767.5922156593	38262.1821338364	38893.0184937365	41412.3492395708	41790.7791407408	42724.0678844007	46783.4692171284	44305.5546320834	40412.0336199885
GEO	Georgia	1872.67933213551	2492.12877843808	3174.94900129056	2706.58851085202	2964.47704071102	3725.06321868572	4142.86917588096	4274.37686483969	4429.6500748497	3764.64091570019	3865.78569331828
GHA	Ghana	922.953749658833	1090.68671771468	1224.40155350237	1086.76503836319	1312.60755731025	1574.97865331211	1629.80022222505	2401.75412162092	1987.98336285419	1783.06108712576	1950.23437670724
GIN	Guinea	427.0657265294	622.173656837936	674.618178745762	636.279956848232	634.923105379227	614.864766212896	677.043499251686	726.089394240361	743.591287839295	727.302519007954	701.388642312075
GMB	Gambia, The	439.343287407705	519.054805783257	607.955496009595	549.31782552081	562.483781687741	514.378161891897	504.973936730824	735.235808801436	656.496762958177	704.974041649015	707.528984503851
GNB	Guinea-Bissau	418.951269310121	481.335009991043	583.894418973508	544.861280100724	545.704120821919	688.141239473375	603.933983492923	621.940673617931	610.468490212169	591.806149698209	648.898936600695
GNQ	Equatorial Guinea	12732.0275869622	15761.8391282779	22742.3815908012	16530.2093729134	17136.4456757583	21451.8861709069	21557.6518706913	20246.9930826625	19245.651511712	11213.4752282974	9218.98732353381
GRC	Greece	24801.1578065035	28827.3263555224	31997.2820108813	29710.9702950284	26917.7589787254	25916.2935289351	22242.681934771	21874.8195041667	21760.9797994918	18070.7767788584	17881.5266973956
GRL	Greenland	35458.1231210482	39780.9514445753	44367.0556497873	44918.5648770756	43988.3324931946	47186.9814680048	45936.7659516989	47262.2827635479	50408.3345548258	44912.2660945027	48159.6653203159
GTM	Guatemala	2256.56723965573	2489.9558363193	2794.22615672387	2635.7588738299	2825.51902943213	3187.84146536875	3299.60553613202	3452.83467076894	3687.76376676599	3923.57334364713	4140.73763497611
GUY	Guyana	1945.64003426759	2326.85195436274	2568.61890785298	2764.30668602753	3044.94808313969	3438.82527778254	3799.75336437721	3941.11466118603	4031.53193884817	4160.26541482928	4531.24352689057
HND	Honduras	1437.62878537462	1592.57218167076	1751.59585650768	1815.48949644078	1932.85828999689	2120.5894686048	2178.38855524013	2136.77171792075	2242.70745940423	2341.27532008595	2375.09632686503
HRV	Croatia	11345.7422604138	13546.8656692994	15892.3160278073	14168.6737147255	13546.2142077544	14578.2900965525	13250.7571183202	13663.5191275233	13606.8934415442	11773.2646636326	12371.0021596835
HTI	Haiti	505.470620633981	615.820230827879	674.756414674589	668.297604584601	662.279518162433	740.935845216079	766.843762318888	810.265607301884	830.113881624145	814.546395216916	734.802591238931
HUN	Hungary	11447.8168701583	13907.5033848474	15739.7354115842	13029.883375372	13092.2337567695	14118.1226290277	12888.3045908829	13667.7027865496	14201.4488320148	12483.8659406349	12820.0881963053
IDN	Indonesia	1586.20503959934	1855.09391519178	2160.52760507385	2254.44559199218	3113.48063451434	3634.27680451778	3687.95399645786	3620.66398109523	3491.59588685069	3334.54907484848	3570.28461476538
IND	India	792.025969759245	1018.16637300052	991.484630404955	1090.31776454409	1345.77015320886	1461.67195733844	1446.98540954276	1452.19537323187	1576.00401817614	1606.03828498859	1717.47387802989
IRL	Ireland	54306.9131006241	61359.6450798172	61257.8968902756	52104.0347231169	48671.8882936068	52186.4962698666	49042.3382535461	51773.1113695891	55412.9285967265	61807.6703737555	64100.4299522762
IRN	Iran, Islamic Rep.	3738.68928376282	4857.36837125152	5574.41043617844	5619.11762112186	6531.9274296787	7729.34335288422	7832.90263547524	6036.19208799041	5540.98413566175	4862.29972856127	5219.1094080464
IRQ	Iraq	2351.8124285881	3129.22492225095	4521.03247019802	3735.14483603071	4502.74904825726	5854.61449711212	6651.12241981136	6925.22404568487	6703.07473722928	4914.72761054144	4584.61743095832
ISL	Iceland	56121.3224209568	68428.3482136071	55632.1043150252	40640.9901952548	41851.7354772988	46181.9529381049	44562.8180240514	48023.626914597	52855.1404780181	51213.6613332843	60529.926756911
ISR	Israel	21827.8231724236	24889.1683615454	29531.5721632187	27709.1175378506	30642.9406174863	33689.8385335933	32525.9565867323	36291.2321104804	37539.9518166878	35690.9630779526	37180.8498115363
ITA	Italy	33410.7474398337	37698.7866483976	40640.1838581691	36976.8455340664	35849.3731979401	38334.6838499718	34814.1251168487	35370.2752583755	35396.6657242265	30180.3215146877	30668.9814289997
JAM	Jamaica	4311.85108022066	4621.85641740202	4903.1844439052	4303.53979575895	4685.58831981582	5093.97254752972	5208.99608876625	4976.84878096438	4839.89210430559	4925.41585894975	4883.86027010431
JOR	Jordan	2537.30048980654	2762.80635412481	3385.60966483112	3492.13090643818	3679.19027463278	3807.32414491854	3870.75321121669	3992.86710705268	4066.94077543088	4096.09927499826	4087.9375167203
JPN	Japan	35433.988963743	35275.2284312667	39339.2975731826	40855.1756354596	44507.6763859172	48167.9972684965	48603.4766497749	40454.4474578903	38109.4121125573	34567.7456750995	38972.3406391468
KAZ	Kazakhstan	5291.57565018652	6771.41479681885	8513.56464506814	7165.22317483703	9070.48825285747	11634.0019047654	12386.7000029472	13890.6317716835	12807.2606866152	10510.7718884148	7714.84184376024
KEN	Kenya	697.006638520849	839.108111670398	916.899251500998	920.081625174945	967.350454885973	987.445396712381	1155.02058271256	1229.10106949388	1335.1231484276	1355.05547100771	1462.50374328664
KGZ	Kyrgyz Republic	543.110702403072	721.768690838857	966.393627185372	871.224389337854	880.037775119109	1123.8831680627	1177.97473487848	1282.43716202467	1279.76978265986	1121.08283510739	1120.66651300848
KHM	Cambodia	539.879152869659	631.675789036191	745.787787261428	738.232668432632	785.692884137826	882.49014616105	951.111231127353	1013.66595249507	1093.7620674767	1163.18977018231	1269.90723818939
KOR	Korea, Rep.	20888.3801505326	23060.7078836716	20430.6394600807	18291.9195978633	22086.9529193201	24079.788523886	24358.7821758226	25890.0186698906	27811.36638377	27105.076226264	27608.2474287116
KWT	Kuwait	42717.557253307	45793.9761439148	55571.9980595751	37567.3012105962	38497.6169579293	48268.5912045543	51264.0713358672	48399.8078177184	42996.3152212942	29109.0687433547	27368.2866787596
LAO	Lao PDR	590.30131077706	709.767087046745	899.495078724883	948.127642147914	1141.12711507419	1381.42560554543	1588.63314741682	1838.80601992314	2017.58778126205	2159.43315209405	2338.69215683656
LBN	Lebanon	5434.2524815957	6086.79540993977	7109.5131628517	8480.98876156677	8858.28397217732	8734.18918518532	8959.25847100454	8807.90133514273	8660.03692753065	8529.51366007737	8571.1262475123
LBR	Liberia	331.473251974769	390.841610369913	471.199371661371	463.855965376615	506.063004590787	589.165014605052	650.71362072029	715.53704589819	716.052908657476	706.059465897239	710.436009357099
LBY	Libya	9344.98751794529	11308.5666057964	14396.0486485106	10296.9735275996	12120.5621692062	5602.54943425492	13209.1407809781	10571.8507632837	6631.52904725951	4465.49036623447	4166.63052895261
LKA	Sri Lanka	1437.70197415321	1632.96113096867	2041.21905317019	2095.4439682866	2808.43439175677	3214.0141948071	3350.52187587961	3610.28936304974	3820.54064998739	3844.51400786016	3857.35131931132
LSO	Lesotho	915.775748629971	865.799330202721	879.298274200951	878.165423386524	1157.34109192083	1350.64325215722	1281.6115077407	1192.99876553274	1218.46610643407	1154.35521879082	1054.26875375922
LTU	Lithuania	9240.64254797441	12297.9153480396	14961.5681759187	11837.3910271086	11984.8685698823	14357.7352289471	14341.1816279932	15693.7867282599	16545.1226673996	14289.1205692355	14912.6865427932
LUX	Luxembourg	89739.7116961301	106018.492790674	114293.84332087	103198.669312625	104965.306078267	115761.507705096	106749.013622989	113625.13289956	119225.380022773	101446.786303182	100738.684223143
LVA	Latvia	9667.97570008021	14044.0158891923	16348.53120679	12219.3737898048	11326.2194746243	13702.6894696051	13822.8055940347	15032.2820131489	15716.3690672011	13639.6941197963	14070.4226525952
MAR	Morocco	2191.47856747356	2494.35355249125	2884.94776014542	2861.55400466683	2834.20471989688	3039.91601555658	2904.74672773209	3111.76288654102	3154.51348420947	2847.28556871398	2892.77556054736
MDA	Moldova	950.648204362747	1230.43468472032	1695.97281114375	1525.52611882763	1631.53583179532	1970.57137253336	2046.53678665109	2243.99017795909	2244.75530830835	1832.49519441526	1913.23741416708
MDG	Madagascar	292.150744287583	377.848292823497	470.733254004499	415.689322591492	412.730934137725	454.963463976433	443.906100111531	461.723072174234	452.463192574895	402.088311769817	401.742265413689
MEX	Mexico	8859.71535391932	9412.82793948646	9765.71702801791	7792.24772968156	9016.45792714789	9912.58236160645	9940.46856102562	10400.5631580436	10582.4105262309	9298.24287787114	8450.49401034813
MKD	Macedonia, FYR	3325.61324190164	4036.14023722037	4793.29295892064	4543.89024355919	4542.90410449183	5064.04110600499	4698.6894759835	5211.49920049925	5469.21789842179	4840.31967944456	5128.0228198066
MLI	Mali	521.642579626446	595.636831880323	689.678422757148	697.015312357325	708.370763247419	835.088909759748	777.347686759476	803.893575679405	845.720640984484	749.917951220328	778.600425102067
MMR	Myanmar	296.900728388917	410.450000139333	643.951370288554	741.077711590194	987.73658320217	1186.42393738945	1175.56178795298	1171.46447748189	1260.418503807	1138.99297578903	1196.10320448535
MNE	Montenegro	4425.68091291013	5976.39192211767	7367.75190910882	6727.10776676969	6682.28115774575	7318.74244854117	6586.7192089878	7186.43192406181	7378.34102152704	6514.27269528653	7028.94013201519
MNG	Mongolia	1334.65189612629	1634.0814313969	2139.62563086411	1717.89876129974	2650.35364830438	3769.59526915879	4368.08224755108	4385.37935468846	4181.5833128422	3946.96207454865	3695.16484928136
MOZ	Mozambique	385.756714147082	422.146157334164	503.127710872855	463.852617826588	419.225814942685	526.531351664068	566.051386993955	605.985608207029	623.286753930288	528.313051201145	380.907305791185
MRT	Mauritania	944.130485052781	1013.31014891589	1182.97865482261	1044.48982319468	1201.75629071117	1389.67100999178	1365.77782179907	1450.57794904371	1326.66865421644	1158.25637052423	1101.90162664331
MWI	Malawi	297.709596899192	320.276495511186	372.848780444367	420.747205068564	458.865430122972	512.17023204094	374.50293256129	332.921024865108	354.318989805753	362.658197650946	300.307748766344
MYS	Malaysia	6222.98295481975	7269.17114042014	8513.6295414071	7326.74443486459	9071.35698672103	10405.120619133	10779.5075072926	10882.2891042102	11183.729432082	9655.13737655446	9515.19431808728
NAM	Namibia	3811.31198106958	4202.51096811639	4029.06506054848	4153.49788528146	5191.58308141444	5600.97139163233	5749.4047524812	5490.04131391061	5392.71242089285	4803.2832991071	4549.42164162487
NER	Niger	258.046387283884	292.559619972825	353.238405406743	339.770266888739	348.15605909962	375.582855926478	391.518249541517	416.140115178331	429.790957778857	362.752197664149	364.160507797334
NGA	Nigeria	1655.5445244538	1882.47020352573	2241.71176284846	1890.38912816673	2291.36001310585	2519.28994084219	2745.86675157152	2996.96430319829	3221.67811590831	2729.76277774009	2175.65627600394
NIC	Nicaragua	1240.99261674457	1344.30187125334	1518.8053855473	1464.4977535687	1526.49793806178	1682.95792434336	1792.0380448462	1847.19804868568	1975.46470748978	2073.49793802454	2143.92589272044
NLD	Netherlands	44453.9711946212	51241.3156170166	56928.8204756806	51900.3400948453	50338.2548273725	53540.6053553521	49474.705606422	51574.489418462	52157.4068701887	44746.3340485236	45637.8867460287
NOR	Norway	74114.697150083	85170.8621662157	97007.9418918692	80067.1766382996	87770.2668443401	100711.224780553	101668.170658652	103059.24822759	97199.9190963458	74498.13763927	70890.0355687386
NPL	Nepal	348.631453417498	393.884351771306	473.844440907314	480.72009086822	592.183521642014	692.116684217348	681.792586817722	688.617278796698	706.238697681072	747.160462355857	730.983328253608
NZL	New Zealand	26671.3294177179	32510.0826999392	31287.7786475125	28201.2322839936	33692.0108346543	38426.5508077771	39970.2562445037	42949.3268417022	44560.6403694048	38649.3784975761	40331.9591048227
OMN	Oman	14408.0504962765	15805.1322617934	22075.0353566455	16784.3461606049	19281.0008081038	20986.0849563219	22134.8013712314	21227.2123496242	20469.1386524373	16406.7116182533	15102.3823053534
PAK	Pakistan	873.77027271847	950.432793144075	1039.31208844269	1006.60399914224	1040.14226787636	1226.21531390333	1261.20896743422	1272.44106100063	1316.98096583434	1428.63762767431	1442.28584033183
PAN	Panama	5348.5183989528	6165.94505714998	7154.14428024258	7575.78064388156	8080.83822506562	9354.97941896261	10715.7166112987	11879.7565274842	12787.3061955961	13627.6947542377	14366.8528896202
PER	Peru	3171.49805601571	3611.21047037166	4208.87801106772	4166.09338685329	5022.49319096369	5771.56587815221	6387.78528050603	6583.11624846311	6492.05320821897	6053.11241492924	6031.36609086896
PHL	Philippines	1391.77229166096	1672.68541144486	1919.46620791605	1825.34153963199	2129.49924655622	2352.51815590027	2581.8185480007	2760.28914607311	2842.93835295221	2878.33837046494	2950.91390303189
PNG	Papua New Guinea	1283.77036425584	1440.13030403683	1719.51632741897	1672.49090786895	2004.81811175089	2474.06184613921	2865.873252112	2800.1690288491	2973.27054935779	2605.94596916662	2353.51158866687
POL	Poland	9038.73084652356	11255.4366982999	14001.4468819804	11527.5932279825	12597.8623899641	13890.6962382966	13143.5212186872	13780.1906069881	14345.1860569374	12556.3557471176	12430.6296017676
PRI	Puerto Rico	22935.9411493385	23664.8823530538	24898.3345857045	25768.7258883384	26435.74878578	27278.8830499205	27944.7338937424	28513.1657351067	28981.4573305866	29763.959625438	30518.1827789063
PRK	Korea, Dem. People�â��s Rep.	1300	1300	1300	1300	1300	1300	1300	1300	1300	1300	1300
PRT	Portugal	19821.4446268632	22780.0584505513	24815.6088356622	23063.9716141302	22538.6540773482	23196.1837500759	20577.4026375899	21618.7353389663	22077.5361325219	19252.6349536042	19871.7189725955
PRY	Paraguay	2282.83116570096	2992.92567850655	4064.42737281249	3645.94464799965	4382.69044870854	5356.95696911203	5217.4457235427	5967.65687190963	6146.66405510882	5447.11863083808	5360.98593140985
QAT	Qatar	60256.5592589168	67005.612581433	82967.3722849053	61478.2381274291	70306.2278449301	85948.0704556712	88564.8229796416	88304.8795754258	86852.710189198	65177.2287942423	59044.2472877865
ROU	Romania	5828.74566230123	8424.73753469503	10400.5436640004	8474.87200269497	8209.9194562169	9104.99562203019	8535.0468756267	9555.2442173314	10026.9735781794	8977.49854425137	9567.0977819133
RUS	Russian Federation	6920.19439783608	9101.25308480437	11635.26037297	8562.80959842398	10674.987707365	14351.2120537753	15434.5747807126	16007.0899934444	14125.9087274272	9346.61636024231	8759.03611775209
RWA	Rwanda	342.399098171483	404.850788108417	500.618998612573	539.108494761381	563.401345326449	624.122884907169	679.860750417364	688.822349347357	706.596709795842	711.773977346877	711.195791311547
SAU	Saudi Arabia	15334.6699396085	16472.1660466749	20037.8323388242	16094.2930975756	19259.5872568465	23770.7473862072	25303.094621303	24934.3861423166	24575.4030378327	20732.8617215804	19982.0856312059
SDN	Sudan	893.879364531904	1115.69520035548	1291.52882621959	1226.88438122391	1476.47808657841	1666.85775736793	1892.89435161374	1955.66079918474	2176.89802874983	2513.88466117983	2415.03816212562
SEN	Senegal	1025.18743569412	1203.17526459328	1388.8765311553	1294.58372262483	1255.40273833704	1344.17721681353	1300.79184435477	1342.75868900053	1359.18935082349	1186.32751397613	1231.14259536964
SLE	Sierra Leone	322.313468011784	358.82747162133	406.375917792695	388.87460213734	399.154367608307	445.052005000457	561.898423858481	710.818699843413	708.439475708292	582.936203085923	480.793021078316
SLV	El Salvador	2641.78065205553	2796.38708139673	2943.69887833676	2867.98508002573	2992.54527363055	3275.50862648081	3437.59963840041	3515.94720144392	3595.7907332513	3669.87899205352	3768.83770478833
SOM	Somalia	493.514145869867	493.514145869867	493.514145869867	493.514145869867	493.514145869867	493.514145869867	493.514145869867	493.514145869867	485.602061068687	478.784799023604	472.272693325142
SRB	Serbia	4129.75874102829	5458.12171842169	6701.77391278013	5821.30539705684	5411.87740391911	6423.29178334583	5659.38020403691	6353.82638279332	6200.17322102474	5237.25533423136	5426.19827887247
SUR	Suriname	5208.12333919831	5761.05943919953	6858.14901471787	7444.13007507516	8303.31332009764	8319.67215979238	9232.50515254747	9491.57045344766	9554.56228848744	8617.76176029073	5645.33410410962
SVK	Slovak Republic	13139.0321768688	16057.7331439028	18650.3591154107	16512.9819723317	16600.6135880385	18187.1574419478	17274.6423040509	18191.612786163	18629.7796630086	16132.8603100425	16529.5409667954
SVN	Slovenia	19726.1264959149	23841.3179190744	27501.8102703687	24633.7978523083	23437.4720211387	24985.2482718393	22532.4356384588	23357.939198652	24202.4308360444	20873.1611094925	21650.2127554094
SWE	Sweden	46256.4716010495	53324.3793724756	55746.8423811175	46207.0592032962	52076.2559134864	59593.2871119719	57134.0770682404	60283.24522267	59180.1989776727	50812.1908597713	51844.7612618627
SWZ	Eswatini	2937.36074331066	3047.48803739736	2842.43853009194	3032.51704908186	3690.23922847955	3934.27337283568	3864.76043619193	3587.00031610963	3379.89649909261	3047.94675558222	2842.25722918208
SYR	Syrian Arab Republic	1762.24610660537	2058.03520939435	2058.03520939435	2058.03520939435	2058.03520939435	2058.03520939435	2058.03520939435	2058.03520939435	2058.03520939435	2058.03520939435	2058.03520939435
TCD	Chad	712.184769377316	801.683884044603	929.770239130465	804.455903856423	896.569734113861	989.236363298336	973.470257398779	986.010317729048	1025.99851471508	781.331057313294	698.210886304957
TGO	Togo	402.463058051786	443.37575478317	537.226147472258	531.66838055394	526.841072447646	579.013076269016	564.697148593323	613.440209376717	632.0313103591	563.475363797121	586.052253668457
THA	Thailand	3368.95257614381	3972.20647536504	4378.68740595675	4212.05490158881	5075.30217639529	5491.15998143099	5859.88764411764	6168.39488117145	5953.79392783362	5846.39460806913	5979.29354625548
TJK	Tajikistan	404.289405943386	520.037186594333	706.087584631519	666.345856945147	738.347522660006	834.541295306236	954.720525255865	1040.13741165493	1104.45901890381	918.811914494293	795.960747465436
TKM	Turkmenistan	2136.476098733	2600.37142757781	3904.46767465853	4036.45922281818	4439.20300021757	5649.97848562924	6675.26295437575	7304.42052462986	7962.36582439665	6432.68416952563	6389.35432554696
TLS	Timor-Leste	2534.66218967577	2705.23290261819	4073.23927985085	2929.98028426193	3603.94055106792	5021.46222392298	5766.96981223417	4770.31593274376	3335.54856721641	2501.57738620458	1987.11880385064
TUN	Tunisia	3371.7123099588	3778.18417141009	4310.09302630815	4129.97733476516	4140.1517698059	4256.91278981271	4137.548140475	4199.08467815722	4274.29283230237	3827.72983400193	3666.3571544062
TUR	Turkey	8034.61120578916	9709.7213456869	10850.8719363353	9036.26807623328	10672.400364514	11340.822269959	11720.3130136743	12542.7209264723	12127.4614576299	10984.8028816485	10862.7264255339
TZA	Tanzania	471.527376124859	528.063562048951	651.262438712841	658.757952665891	701.604550062032	733.412806541607	820.156289803745	903.361862058071	950.818302792702	872.203165184985	878.403371244319
UGA	Uganda	336.459392347713	401.850863088015	449.692818269711	554.404991041249	595.206173218473	574.919576811032	636.638204494567	655.049531535843	702.795104025366	675.121139677403	581.702772948812
UKR	Ukraine	2303.01883093184	3068.60899799696	3891.03782318207	2545.4803410735	2965.14236549771	3569.75702740477	3855.4212801318	4029.71550372131	3104.65829575449	2124.66266591114	2185.72803066435
URY	Uruguay	5877.87607846966	7009.69704965585	9062.31217136226	9415.17038173445	11938.212001755	14166.4990866454	15092.0681918451	16881.2056763151	16737.8982724965	15524.8424684038	15298.3508918226
USA	United States	46437.0671173065	48061.5376613353	48401.4273403899	47001.5553496818	48375.4069462972	49793.7135249201	51450.9591148182	52782.086508871	54696.7261652327	56443.8172422582	57588.538070583
UZB	Uzbekistan	654.283837283285	830.407694204322	1082.28602501699	1213.26532816388	1377.08214046938	1564.96694510875	1740.4682979775	1907.55123335561	2050.44841384558	2137.57685230278	2117.74443025761
VEN	Venezuela, RB	6735.79758838059	8318.8033993141	11227.2313784685	11536.1493949074	13545.2634531128	10741.5763839947	12755.0000818807	12237.1937410124	15692.412877729	15692.412877729	15692.412877729
VNM	Vietnam	779.974893324258	901.324893182575	1143.26857509773	1210.69110967785	1310.37027294129	1515.47992520504	1722.68393092336	1871.32549052319	2012.0462904122	2065.16909895862	2170.64805431211
XKX	Kosovo	2237.12659780918	2685.98622183949	3254.82026926105	3209.69410857047	3283.51030374783	3736.36321725391	3600.67347519389	3876.95830210742	4054.72133937609	3574.54333277778	3697.12167678699
YEM	Yemen, Rep.	900.826916094261	995.353320558745	1203.72073300004	1093.81291773535	1309.23195973585	1349.42024978639	1421.17157469387	1580.18160062955	1647.03365674887	1693.90781476992	1320.92412660691
ZAF	South Africa	5502.69998895381	6001.85256313236	5688.50880574249	5805.99836229105	7276.37675634687	7967.67815887535	7478.13657795036	6819.06230244075	6429.02394967082	5742.98780033574	5279.73047236548
ZMB	Zambia	1030.15419934654	1104.58798487761	1369.06824870969	1139.11023298085	1463.21357310715	1644.61967241117	1734.93061223334	1850.79335943919	1738.08820161939	1313.88964550765	1262.98968188557
ZWE	Zimbabwe	414.796232048617	396.99821656697	325.678570345959	699.88226433915	854.847665291076	980.208824167462	1163.41868906613	1268.12663265072	1264.98382557379	1265.29441289344	1272.3354498184
-A	Obstacle1	1039.18586144119	1227.69414651601	1323.52270565567	1195.0405906402	1215.49824438633	1340.51825922501	1236.15357775421	1315.7790389769	1380.62990066371	1174.75378539085	1166.553963304
-B	Obstacle2	55597.3409842204	65682.6970235342	70809.6076910118	63935.7035859437	65030.2057277295	71718.8844836152	66135.2838999866	70395.3148365934	73864.8919393088	62850.3419862734	62411.644423606
-C	Obstacle3	29798.968665817	35204.5007160712	37952.4136131281	34268.1501319503	34854.7795363493	38439.7662485542	35447.0774636497	37730.3616306279	39589.979690362	33686.4198598346	33451.2874831369
-D	Obstacle4	15298.8260499563	18074.0326509541	19484.8144093419	17593.3091444163	17894.485380223	19735.0218335648	18198.5718424472	19370.812656717	20325.5427862823	17294.6481289665	17173.9308863614
-E	Obstacle5	38645.5094448215	45655.8037353759	49219.5006876995	44441.4749527888	45202.2594095449	49851.5356781225	45970.395226604	48931.5272318665	51343.217653007	43687.0440536023	43382.1069738543
-F	Obstacle6	46138.7753714483	54508.3478833971	58763.0366049921	53058.563840393	53966.8624670802	59517.6215714981	54883.9378641236	58419.2258289798	61298.5368849085	52157.850709918	51793.7871064868
-G	Obstacle7	136.404361778118	161.148109041824	173.726641847722	156.86197735519	159.547265238966	175.957491711746	162.258500706943	172.710202007331	181.222577634615	154.199115180837	153.122800019177
-H	Obstacle8	136.404361778118	161.148109041824	173.726641847722	156.86197735519	159.547265238966	175.957491711746	162.258500706943	172.710202007331	181.222577634615	154.199115180837	153.122800019177
-I	Obstacle9	163.326275286957	192.953656879027	208.014794843983	187.821578148978	191.036857062446	210.685944023275	194.28320479384	206.797741877199	216.990191641447	184.633151071791	183.34440528612
-J	Obstacle10	1671.8508288989	1975.12452069026	2129.29430106781	1922.5912092942	1955.50365223811	2156.63688854594	1988.73412379629	2116.8362259188	2221.16882982426	1889.95362882828	1876.76168707715
-K	Obstacle11	352.677066965791	416.652676667349	449.174804251019	405.570770398616	412.513652887589	454.942725281027	419.523623538347	446.546772295271	468.555743489498	398.685870171505	395.903028996952
-L	Obstacle12	272.808723556236	322.296218083649	347.453283695445	313.72395471038	319.094530477932	351.914983423492	324.517001413887	345.420404014662	362.44515526923	308.398230361673	306.245600038355
-M	Obstacle13	647.920718446059	765.453517948666	825.201548776681	745.094392437153	757.849509885088	835.798085630793	770.727878357981	820.373459534823	860.807243764421	732.445797108974	727.333300091093
-N	Obstacle14	4192.6393304432	4953.18398318029	5339.80835995105	4821.44183028584	4903.97909997663	5408.37763998209	4987.31391646605	5308.56620906744	5570.20975466395	4739.59385608466	4706.51132690524
-O	Obstacle15	2228.23704141491	2632.43917599244	2837.9161296572	2562.42295903248	2606.28854992337	2874.35823631753	2650.57800825882	2821.31204989607	2960.36618596545	2518.92370390801	2501.34152926064
