GM0003	GM0010
GM0003	GM0024
GM0003	GM0040
GM0005	GM0009
GM0005	GM0014
GM0005	GM0024
GM0005	GM0053
GM0005	GM1651
GM0007	GM0037
GM0007	GM0048
GM0007	GM0765
GM0007	GM1895
GM0009	GM0014
GM0009	GM0024
GM0009	GM0040
GM0010	GM0024
GM0010	GM0040
GM0010	GM1651
GM0010	GM1895
GM0010	GM0010
GM0010	GM1651
GM0010	GM1895
GM0014	GM0017
GM0014	GM0018
GM0014	GM0022
GM0014	GM0040
GM0014	GM0053
GM0014	GM0056
GM0014	GM1699
GM0014	GM1730
GM0015	GM0022
GM0015	GM0025
GM0015	GM0056
GM0015	GM0059
GM0015	GM0090
GM0017	GM0018
GM0017	GM1730
GM0018	GM0040
GM0018	GM0047
GM0018	GM1680
GM0018	GM1730
GM0018	GM1987
GM0022	GM0025
GM0022	GM0056
GM0022	GM0086
GM0022	GM1699
GM0024	GM0040
GM0024	GM1651
GM0025	GM0086
GM0025	GM0090
GM0034	GM0050
GM0034	GM0376
GM0034	GM0995
GM0034	GM1942
GM0034	GM0034
GM0034	GM0050
GM0034	GM0376
GM0034	GM0995
GM0034	GM1942
GM0037	GM0047
GM0037	GM0048
GM0037	GM0765
GM0037	GM1680
GM0037	GM1681
GM0040	GM1895
GM0040	GM1987
GM0047	GM0765
GM0047	GM1680
GM0047	GM1987
GM0048	GM0114
GM0048	GM1681
GM0050	GM0243
GM0050	GM0267
GM0050	GM0303
GM0050	GM0995
GM0050	GM0034
GM0050	GM0050
GM0050	GM0243
GM0050	GM0267
GM0050	GM0303
GM0053	GM0056
GM0053	GM1651
GM0053	GM1663
GM0056	GM0059
GM0056	GM0079
GM0056	GM1663
GM0056	GM0056
GM0056	GM0079
GM0056	GM1663
GM0058	GM0079
GM0058	GM0088
GM0058	GM1663
GM0058	GM1722
GM0058	GM1891
GM0058	GM0058
GM0058	GM0079
GM0058	GM0088
GM0058	GM1663
GM0058	GM1722
GM0059	GM0079
GM0059	GM0090
GM0059	GM0737
GM0059	GM1891
GM0060	GM0060
GM0063	GM0070
GM0063	GM0081
GM0063	GM1722
GM0063	GM1908
GM0063	GM0063
GM0063	GM0070
GM0063	GM1722
GM0070	GM0072
GM0070	GM0140
GM0070	GM1900
GM0070	GM1908
GM0070	GM0063
GM0070	GM0070
GM0070	GM0072
GM0072	GM1900
GM0072	GM0070
GM0072	GM0072
GM0072	GM1900
GM0074	GM0080
GM0074	GM0085
GM0074	GM0086
GM0074	GM0090
GM0074	GM0098
GM0074	GM1940
GM0079	GM1891
GM0079	GM0056
GM0079	GM0058
GM0079	GM0079
GM0080	GM0081
GM0080	GM0090
GM0080	GM0140
GM0080	GM0737
GM0080	GM1900
GM0080	GM1908
GM0080	GM1940
GM0081	GM0737
GM0081	GM1722
GM0081	GM1908
GM0085	GM0086
GM0085	GM0098
GM0085	GM1699
GM0085	GM1701
GM0085	GM1731
GM0086	GM0090
GM0086	GM1699
GM0088	GM1651
GM0088	GM0058
GM0088	GM0088
GM0088	GM1651
GM0090	GM0737
GM0093	GM0096
GM0093	GM0093
GM0093	GM0096
GM0096	GM0093
GM0096	GM0096
GM0098	GM1701
GM0098	GM1708
GM0098	GM1940
GM0106	GM1680
GM0106	GM1699
GM0106	GM1730
GM0106	GM1731
GM0109	GM0114
GM0109	GM0118
GM0109	GM0160
GM0109	GM1680
GM0109	GM1681
GM0109	GM1731
GM0114	GM1681
GM0118	GM0160
GM0118	GM1690
GM0118	GM1701
GM0118	GM1731
GM0119	GM0180
GM0119	GM1690
GM0119	GM1701
GM0119	GM1708
GM0140	GM1900
GM0140	GM1908
GM0141	GM0147
GM0141	GM0183
GM0141	GM0189
GM0141	GM1700
GM0141	GM1735
GM0147	GM0164
GM0147	GM0183
GM0147	GM1735
GM0147	GM1774
GM0148	GM0160
GM0148	GM0175
GM0148	GM0177
GM0148	GM0180
GM0148	GM0193
GM0150	GM0177
GM0150	GM0262
GM0150	GM0285
GM0150	GM1742
GM0150	GM1773
GM0153	GM0158
GM0153	GM0164
GM0153	GM0168
GM0153	GM0173
GM0153	GM1774
GM0158	GM0164
GM0158	GM1735
GM0158	GM1859
GM0160	GM0175
GM0160	GM0180
GM0160	GM1690
GM0160	GM1700
GM0163	GM0175
GM0163	GM0177
GM0163	GM0189
GM0163	GM1700
GM0163	GM1742
GM0164	GM1735
GM0164	GM1774
GM0166	GM0171
GM0166	GM0193
GM0166	GM0244
GM0166	GM0269
GM0166	GM0303
GM0166	GM1896
GM0166	GM0166
GM0166	GM0171
GM0166	GM0269
GM0166	GM0303
GM0166	GM1896
GM0168	GM0173
GM0168	GM1774
GM0171	GM0184
GM0171	GM0303
GM0171	GM1708
GM0171	GM1896
GM0171	GM1940
GM0171	GM0166
GM0171	GM0171
GM0171	GM0184
GM0171	GM0303
GM0171	GM1708
GM0171	GM1896
GM0171	GM1940
GM0173	GM1774
GM0175	GM0177
GM0175	GM1700
GM0177	GM0193
GM0177	GM1742
GM0177	GM1773
GM0180	GM0193
GM0180	GM1690
GM0180	GM1708
GM0180	GM1896
GM0183	GM1700
GM0183	GM1774
GM0184	GM0171
GM0184	GM0184
GM0189	GM1700
GM0189	GM1735
GM0189	GM1742
GM0193	GM0244
GM0193	GM0246
GM0193	GM1773
GM0193	GM1896
GM0196	GM0226
GM0196	GM0299
GM0196	GM1705
GM0196	GM1945
GM0197	GM0294
GM0197	GM1509
GM0197	GM1586
GM0200	GM0202
GM0200	GM0203
GM0200	GM0213
GM0200	GM0228
GM0200	GM0232
GM0200	GM0233
GM0200	GM0277
GM0200	GM0285
GM0200	GM0302
GM0202	GM0228
GM0202	GM0274
GM0202	GM0275
GM0202	GM0277
GM0202	GM0293
GM0202	GM1705
GM0202	GM1734
GM0203	GM0228
GM0203	GM0233
GM0203	GM0267
GM0203	GM0273
GM0203	GM0279
GM0203	GM0307
GM0203	GM0327
GM0203	GM0339
GM0203	GM0351
GM0209	GM0225
GM0209	GM0268
GM0209	GM0296
GM0209	GM1734
GM0209	GM1740
GM0213	GM0275
GM0213	GM0277
GM0213	GM0285
GM0213	GM0301
GM0213	GM1876
GM0214	GM0216
GM0214	GM0236
GM0214	GM0281
GM0214	GM0340
GM0214	GM0352
GM0214	GM1581
GM0214	GM1740
GM0216	GM0236
GM0216	GM0321
GM0216	GM0352
GM0216	GM0545
GM0216	GM0620
GM0221	GM0275
GM0221	GM0299
GM0221	GM1876
GM0222	GM0299
GM0222	GM1509
GM0222	GM1876
GM0222	GM1955
GM0225	GM0296
GM0225	GM0668
GM0225	GM1740
GM0226	GM0293
GM0226	GM0299
GM0226	GM1705
GM0228	GM0274
GM0228	GM0289
GM0228	GM0339
GM0228	GM0340
GM0228	GM0345
GM0230	GM0232
GM0230	GM0269
GM0230	GM0302
GM0230	GM0303
GM0230	GM0230
GM0230	GM0269
GM0230	GM0302
GM0230	GM0303
GM0232	GM0246
GM0232	GM0269
GM0232	GM0285
GM0232	GM0302
GM0232	GM1773
GM0233	GM0243
GM0233	GM0273
GM0233	GM0302
GM0233	GM0233
GM0233	GM0243
GM0233	GM0273
GM0236	GM0281
GM0236	GM0304
GM0236	GM0545
GM0236	GM0733
GM0243	GM0302
GM0243	GM0303
GM0243	GM0050
GM0243	GM0233
GM0243	GM0243
GM0243	GM0303
GM0244	GM0246
GM0244	GM0269
GM0246	GM0269
GM0246	GM1773
GM0252	GM0268
GM0252	GM0296
GM0252	GM0786
GM0252	GM0944
GM0252	GM1684
GM0252	GM1945
GM0262	GM0285
GM0262	GM0301
GM0262	GM1735
GM0262	GM1742
GM0262	GM1859
GM0262	GM1876
GM0263	GM0297
GM0263	GM0304
GM0263	GM0668
GM0263	GM0796
GM0263	GM0797
GM0263	GM0828
GM0267	GM0273
GM0267	GM0307
GM0267	GM0313
GM0267	GM0050
GM0267	GM0267
GM0267	GM0273
GM0267	GM0313
GM0268	GM0296
GM0268	GM1705
GM0268	GM1734
GM0268	GM1945
GM0269	GM0166
GM0269	GM0230
GM0269	GM0269
GM0273	GM0233
GM0273	GM0267
GM0273	GM0273
GM0274	GM0289
GM0274	GM1734
GM0275	GM0277
GM0275	GM0293
GM0275	GM0299
GM0275	GM1876
GM0279	GM0339
GM0279	GM0351
GM0281	GM0304
GM0281	GM0668
GM0281	GM1740
GM0285	GM0301
GM0285	GM1773
GM0289	GM0340
GM0289	GM1734
GM0289	GM1740
GM0293	GM0299
GM0293	GM1705
GM0294	GM1586
GM0296	GM0668
GM0296	GM0786
GM0296	GM0828
GM0297	GM0304
GM0297	GM0512
GM0297	GM0733
GM0297	GM0738
GM0297	GM0797
GM0297	GM0874
GM0299	GM1876
GM0299	GM1955
GM0301	GM1876
GM0302	GM0303
GM0302	GM0230
GM0302	GM0302
GM0302	GM0303
GM0303	GM0995
GM0303	GM0050
GM0303	GM0166
GM0303	GM0171
GM0303	GM0230
GM0303	GM0243
GM0303	GM0302
GM0303	GM0303
GM0303	GM0995
GM0304	GM0668
GM0304	GM0733
GM0307	GM0308
GM0307	GM0313
GM0307	GM0327
GM0307	GM0342
GM0307	GM0355
GM0308	GM0310
GM0308	GM0313
GM0308	GM0317
GM0308	GM0342
GM0308	GM0355
GM0308	GM0402
GM0308	GM0417
GM0310	GM0344
GM0310	GM0355
GM0310	GM0402
GM0310	GM1696
GM0310	GM1904
GM0312	GM0321
GM0312	GM0344
GM0312	GM0352
GM0312	GM0355
GM0312	GM1581
GM0313	GM0317
GM0313	GM0267
GM0313	GM0313
GM0313	GM0317
GM0317	GM0376
GM0317	GM0417
GM0317	GM0313
GM0317	GM0317
GM0317	GM0376
GM0321	GM0344
GM0321	GM0352
GM0321	GM0356
GM0321	GM0620
GM0327	GM0351
GM0327	GM0355
GM0331	GM0335
GM0331	GM0353
GM0331	GM0589
GM0331	GM0620
GM0331	GM0707
GM0331	GM1927
GM0331	GM1931
GM0335	GM0344
GM0335	GM0353
GM0335	GM0589
GM0335	GM0632
GM0335	GM1901
GM0339	GM0345
GM0339	GM0351
GM0339	GM1581
GM0340	GM0345
GM0340	GM1581
GM0340	GM1740
GM0342	GM0355
GM0344	GM0353
GM0344	GM0355
GM0344	GM0356
GM0344	GM0632
GM0344	GM1904
GM0345	GM1581
GM0351	GM0355
GM0351	GM1581
GM0352	GM1581
GM0353	GM0356
GM0353	GM0620
GM0355	GM1581
GM0356	GM0620
GM0358	GM0362
GM0358	GM0394
GM0358	GM0451
GM0358	GM1884
GM0361	GM0370
GM0361	GM0373
GM0361	GM0383
GM0361	GM0398
GM0361	GM0399
GM0361	GM0416
GM0361	GM0450
GM0361	GM0479
GM0361	GM0880
GM0361	GM1598
GM0362	GM0363
GM0362	GM0394
GM0362	GM0437
GM0362	GM0451
GM0362	GM0736
GM0363	GM0384
GM0363	GM0393
GM0363	GM0394
GM0363	GM0415
GM0363	GM0431
GM0363	GM0437
GM0363	GM0457
GM0363	GM0479
GM0363	GM0736
GM0363	GM0852
GM0363	GM1942
GM0363	GM0363
GM0363	GM0384
GM0363	GM0852
GM0370	GM0385
GM0370	GM0439
GM0370	GM0880
GM0370	GM1598
GM0373	GM0383
GM0373	GM0399
GM0373	GM0416
GM0373	GM0441
GM0373	GM0373
GM0373	GM0383
GM0373	GM0441
GM0375	GM0396
GM0375	GM0453
GM0375	GM0479
GM0375	GM0375
GM0375	GM0396
GM0375	GM0453
GM0376	GM0402
GM0376	GM0406
GM0376	GM0417
GM0376	GM0034
GM0376	GM0317
GM0376	GM0376
GM0376	GM0406
GM0377	GM0392
GM0377	GM0394
GM0377	GM0397
GM0377	GM0453
GM0377	GM0473
GM0377	GM0534
GM0377	GM0576
GM0377	GM0377
GM0377	GM0453
GM0377	GM0473
GM0383	GM0396
GM0383	GM0399
GM0383	GM0450
GM0383	GM0373
GM0383	GM0383
GM0383	GM0396
GM0384	GM0437
GM0384	GM1942
GM0384	GM0363
GM0384	GM0384
GM0384	GM1942
GM0385	GM0439
GM0385	GM0852
GM0385	GM1598
GM0385	GM0385
GM0385	GM0852
GM0385	GM1598
GM0388	GM0420
GM0388	GM0532
GM0388	GM0995
GM0388	GM0388
GM0388	GM0420
GM0388	GM0532
GM0388	GM0995
GM0392	GM0393
GM0392	GM0394
GM0392	GM0397
GM0392	GM0453
GM0393	GM0394
GM0393	GM0453
GM0393	GM0479
GM0394	GM0397
GM0394	GM0534
GM0394	GM0553
GM0394	GM1525
GM0394	GM1884
GM0396	GM0450
GM0396	GM0479
GM0396	GM0375
GM0396	GM0383
GM0396	GM0396
GM0398	GM0416
GM0398	GM0432
GM0398	GM0441
GM0398	GM1598
GM0398	GM1911
GM0400	GM0441
GM0400	GM1911
GM0400	GM0400
GM0400	GM0441
GM0400	GM1911
GM0402	GM0406
GM0402	GM0417
GM0402	GM0457
GM0402	GM1696
GM0402	GM1942
GM0405	GM0420
GM0405	GM0498
GM0405	GM1598
GM0405	GM0405
GM0405	GM0498
GM0405	GM1598
GM0406	GM0417
GM0406	GM1942
GM0406	GM0376
GM0406	GM0406
GM0406	GM1942
GM0415	GM0431
GM0415	GM0439
GM0415	GM0852
GM0415	GM0880
GM0416	GM0441
GM0420	GM0432
GM0420	GM0498
GM0420	GM0532
GM0420	GM1598
GM0420	GM1911
GM0420	GM0388
GM0420	GM0420
GM0420	GM1911
GM0431	GM0479
GM0431	GM0880
GM0432	GM1598
GM0432	GM1911
GM0437	GM0736
GM0439	GM0852
GM0439	GM0880
GM0441	GM1911
GM0441	GM0373
GM0441	GM0400
GM0441	GM0441
GM0448	GM0448
GM0450	GM0479
GM0451	GM0569
GM0451	GM0736
GM0451	GM1884
GM0453	GM0479
GM0453	GM0375
GM0453	GM0377
GM0453	GM0453
GM0457	GM0736
GM0457	GM1696
GM0457	GM1904
GM0457	GM1942
GM0473	GM0575
GM0473	GM0576
GM0473	GM0377
GM0473	GM0473
GM0473	GM0575
GM0479	GM0880
GM0482	GM0531
GM0482	GM0590
GM0482	GM0597
GM0482	GM1927
GM0484	GM0547
GM0484	GM0569
GM0484	GM0627
GM0484	GM0637
GM0484	GM0638
GM0484	GM1621
GM0484	GM1884
GM0484	GM1892
GM0484	GM1901
GM0489	GM0585
GM0489	GM0597
GM0489	GM0599
GM0489	GM0613
GM0489	GM0642
GM0498	GM0532
GM0498	GM0405
GM0498	GM0498
GM0498	GM0532
GM0501	GM0530
GM0501	GM0599
GM0501	GM0614
GM0501	GM1930
GM0502	GM0542
GM0502	GM0599
GM0502	GM1892
GM0502	GM1931
GM0503	GM0518
GM0503	GM0599
GM0503	GM0603
GM0503	GM1842
GM0503	GM1926
GM0505	GM0523
GM0505	GM0585
GM0505	GM0590
GM0505	GM0610
GM0505	GM0617
GM0505	GM0642
GM0505	GM0870
GM0505	GM1709
GM0505	GM1719
GM0505	GM0505
GM0505	GM0617
GM0505	GM1709
GM0512	GM0523
GM0512	GM0689
GM0512	GM0733
GM0512	GM0870
GM0512	GM0874
GM0513	GM0627
GM0513	GM1892
GM0513	GM1901
GM0513	GM1931
GM0518	GM0603
GM0518	GM0629
GM0518	GM0637
GM0518	GM1783
GM0518	GM1916
GM0518	GM1926
GM0518	GM0518
GM0518	GM0629
GM0518	GM1783
GM0523	GM0610
GM0523	GM0689
GM0523	GM0870
GM0523	GM1927
GM0530	GM0614
GM0530	GM1924
GM0530	GM1930
GM0530	GM0530
GM0530	GM0614
GM0530	GM1924
GM0530	GM1930
GM0531	GM0590
GM0531	GM0597
GM0531	GM0642
GM0532	GM0388
GM0532	GM0498
GM0532	GM0532
GM0534	GM0553
GM0534	GM0576
GM0537	GM0546
GM0537	GM0575
GM0537	GM0579
GM0537	GM0629
GM0537	GM1525
GM0537	GM0537
GM0537	GM0575
GM0537	GM0629
GM0542	GM0597
GM0542	GM0599
GM0542	GM1931
GM0545	GM0620
GM0545	GM0689
GM0545	GM0707
GM0545	GM0733
GM0546	GM0547
GM0546	GM0579
GM0546	GM0626
GM0546	GM0629
GM0546	GM0638
GM0546	GM1525
GM0546	GM1916
GM0547	GM0638
GM0547	GM1525
GM0547	GM1884
GM0553	GM0576
GM0553	GM1525
GM0556	GM0599
GM0556	GM0622
GM0556	GM1783
GM0556	GM1842
GM0569	GM0632
GM0569	GM0736
GM0569	GM1884
GM0569	GM1901
GM0575	GM0576
GM0575	GM1525
GM0575	GM0473
GM0575	GM0537
GM0575	GM0575
GM0576	GM1525
GM0579	GM1525
GM0584	GM0585
GM0584	GM0588
GM0584	GM0611
GM0584	GM0613
GM0584	GM1930
GM0585	GM0611
GM0585	GM0613
GM0585	GM0617
GM0585	GM0642
GM0588	GM0611
GM0588	GM1924
GM0588	GM1930
GM0588	GM0588
GM0588	GM0611
GM0588	GM1924
GM0588	GM1930
GM0589	GM1901
GM0589	GM1931
GM0590	GM0610
GM0590	GM0642
GM0590	GM1927
GM0597	GM0599
GM0597	GM0642
GM0597	GM1927
GM0597	GM1931
GM0599	GM0606
GM0599	GM0613
GM0599	GM0614
GM0599	GM0622
GM0599	GM1621
GM0599	GM1783
GM0599	GM1842
GM0599	GM1892
GM0599	GM1926
GM0599	GM1930
GM0599	GM1931
GM0599	GM0599
GM0599	GM0614
GM0599	GM1783
GM0603	GM1783
GM0603	GM1842
GM0606	GM0622
GM0606	GM1842
GM0610	GM1927
GM0611	GM0617
GM0611	GM1924
GM0611	GM0588
GM0611	GM0611
GM0611	GM0617
GM0611	GM1924
GM0613	GM1930
GM0614	GM0530
GM0614	GM0599
GM0614	GM0614
GM0617	GM1709
GM0617	GM0505
GM0617	GM0611
GM0617	GM0617
GM0617	GM1709
GM0620	GM0707
GM0622	GM1842
GM0626	GM0629
GM0626	GM1916
GM0627	GM1892
GM0627	GM1901
GM0629	GM1916
GM0629	GM0518
GM0629	GM0537
GM0629	GM0629
GM0632	GM0736
GM0632	GM1901
GM0632	GM1904
GM0637	GM0638
GM0637	GM1621
GM0637	GM1916
GM0637	GM1926
GM0638	GM1916
GM0654	GM0664
GM0654	GM0678
GM0654	GM0687
GM0654	GM0718
GM0654	GM0654
GM0654	GM0718
GM0664	GM0678
GM0664	GM0687
GM0664	GM1695
GM0664	GM0664
GM0664	GM0678
GM0664	GM0687
GM0664	GM1695
GM0668	GM0828
GM0668	GM1740
GM0677	GM0715
GM0677	GM0677
GM0677	GM0715
GM0678	GM0703
GM0678	GM0654
GM0678	GM0664
GM0678	GM0678
GM0678	GM0703
GM0687	GM0717
GM0687	GM0718
GM0687	GM0664
GM0687	GM0687
GM0687	GM0717
GM0689	GM0707
GM0689	GM0733
GM0689	GM1927
GM0703	GM0716
GM0703	GM0748
GM0703	GM0873
GM0703	GM0678
GM0703	GM0703
GM0703	GM0716
GM0707	GM1927
GM0715	GM1714
GM0715	GM0677
GM0715	GM0715
GM0715	GM1714
GM0716	GM0748
GM0716	GM0851
GM0716	GM1676
GM0716	GM0703
GM0716	GM0716
GM0716	GM0851
GM0716	GM1676
GM0717	GM0718
GM0717	GM1676
GM0717	GM1695
GM0717	GM0687
GM0717	GM0717
GM0717	GM0718
GM0717	GM1676
GM0717	GM1695
GM0718	GM1714
GM0718	GM0654
GM0718	GM0717
GM0718	GM0718
GM0718	GM1714
GM0736	GM1904
GM0737	GM1722
GM0737	GM1891
GM0738	GM0797
GM0738	GM0867
GM0738	GM0870
GM0738	GM0874
GM0743	GM0762
GM0743	GM0794
GM0743	GM0847
GM0743	GM0946
GM0743	GM1894
GM0744	GM1723
GM0744	GM9999
GM0748	GM0851
GM0748	GM0873
GM0748	GM1674
GM0753	GM0757
GM0753	GM0772
GM0753	GM0823
GM0753	GM0846
GM0753	GM0848
GM0755	GM0856
GM0755	GM0860
GM0755	GM1652
GM0755	GM1702
GM0756	GM0893
GM0756	GM0907
GM0756	GM0984
GM0756	GM1684
GM0756	GM1702
GM0757	GM0788
GM0757	GM0823
GM0757	GM0824
GM0757	GM0845
GM0757	GM0846
GM0757	GM0865
GM0758	GM0777
GM0758	GM0784
GM0758	GM0826
GM0758	GM0879
GM0758	GM1709
GM0758	GM1719
GM0758	GM1723
GM0762	GM0794
GM0762	GM0984
GM0762	GM1507
GM0762	GM1652
GM0762	GM1894
GM0765	GM1895
GM0765	GM1987
GM0766	GM0779
GM0766	GM0784
GM0766	GM0809
GM0766	GM0826
GM0766	GM0855
GM0766	GM0867
GM0770	GM0772
GM0770	GM0823
GM0770	GM0861
GM0770	GM1724
GM0770	GM1728
GM0772	GM0820
GM0772	GM0823
GM0772	GM0848
GM0772	GM0861
GM0772	GM0866
GM0772	GM1658
GM0772	GM1771
GM0777	GM0840
GM0777	GM0879
GM0777	GM1655
GM0777	GM1709
GM0779	GM0826
GM0779	GM0867
GM0779	GM0870
GM0779	GM1719
GM0784	GM0785
GM0784	GM0826
GM0784	GM0855
GM0784	GM1723
GM0785	GM0798
GM0785	GM0855
GM0785	GM1723
GM0786	GM0815
GM0786	GM0828
GM0786	GM1684
GM0786	GM1685
GM0788	GM0797
GM0788	GM0824
GM0788	GM0855
GM0788	GM0865
GM0794	GM0820
GM0794	GM0847
GM0794	GM1652
GM0794	GM1659
GM0794	GM1771
GM0796	GM0797
GM0796	GM0828
GM0796	GM0845
GM0796	GM0865
GM0796	GM1721
GM0797	GM0809
GM0797	GM0855
GM0797	GM0865
GM0797	GM0867
GM0798	GM0823
GM0798	GM0824
GM0798	GM0855
GM0798	GM1667
GM0798	GM1728
GM0809	GM0855
GM0809	GM0867
GM0815	GM0856
GM0815	GM1684
GM0815	GM1685
GM0815	GM1702
GM0820	GM0846
GM0820	GM0848
GM0820	GM1659
GM0820	GM1771
GM0823	GM0824
GM0823	GM1728
GM0824	GM0855
GM0826	GM1719
GM0828	GM1685
GM0828	GM1721
GM0840	GM0879
GM0840	GM1655
GM0840	GM1674
GM0844	GM0845
GM0844	GM0846
GM0844	GM0860
GM0844	GM1721
GM0845	GM0846
GM0845	GM0865
GM0845	GM1721
GM0846	GM0848
GM0846	GM0860
GM0846	GM1659
GM0847	GM0946
GM0847	GM1658
GM0847	GM1706
GM0847	GM1771
GM0851	GM1655
GM0851	GM1674
GM0851	GM1709
GM0851	GM0716
GM0851	GM0851
GM0851	GM1709
GM0852	GM0363
GM0852	GM0385
GM0852	GM0852
GM0856	GM0860
GM0856	GM1685
GM0856	GM1702
GM0856	GM1721
GM0858	GM0866
GM0858	GM1658
GM0858	GM1724
GM0860	GM1652
GM0860	GM1659
GM0860	GM1721
GM0861	GM0866
GM0861	GM1724
GM0866	GM1658
GM0866	GM1724
GM0867	GM0870
GM0870	GM0874
GM0870	GM1719
GM0873	GM1674
GM0881	GM0899
GM0881	GM0962
GM0882	GM0899
GM0882	GM0917
GM0882	GM0928
GM0888	GM0938
GM0888	GM0951
GM0888	GM0962
GM0888	GM0971
GM0888	GM1883
GM0889	GM0957
GM0889	GM0983
GM0889	GM1640
GM0889	GM1894
GM0893	GM0907
GM0893	GM0983
GM0893	GM0984
GM0893	GM1507
GM0899	GM0917
GM0899	GM0962
GM0907	GM0944
GM0907	GM1684
GM0907	GM1945
GM0917	GM0928
GM0917	GM0951
GM0917	GM0962
GM0917	GM0965
GM0917	GM0986
GM0935	GM0938
GM0935	GM0994
GM0935	GM1903
GM0938	GM0951
GM0938	GM0971
GM0938	GM0994
GM0944	GM1684
GM0944	GM1945
GM0946	GM0988
GM0946	GM1640
GM0946	GM1706
GM0946	GM1894
GM0951	GM0962
GM0951	GM0986
GM0951	GM0994
GM0957	GM1640
GM0957	GM1641
GM0957	GM1669
GM0962	GM1883
GM0965	GM0986
GM0965	GM1729
GM0971	GM1883
GM0981	GM1729
GM0983	GM1507
GM0983	GM1894
GM0984	GM1507
GM0984	GM1652
GM0984	GM1702
GM0986	GM0994
GM0986	GM1729
GM0988	GM1640
GM0988	GM1706
GM0994	GM1729
GM0994	GM1903
GM0995	GM0034
GM0995	GM0303
GM0995	GM0388
GM0995	GM0995
GM1507	GM1894
GM1509	GM1586
GM1509	GM1876
GM1509	GM1955
GM1525	GM1884
GM1586	GM1859
GM1586	GM1876
GM1598	GM0385
GM1598	GM0405
GM1598	GM1598
GM1621	GM1892
GM1621	GM1926
GM1640	GM1641
GM1640	GM1894
GM1641	GM1669
GM1641	GM1711
GM1651	GM1663
GM1651	GM0010
GM1651	GM0088
GM1651	GM1651
GM1651	GM1663
GM1652	GM1659
GM1652	GM1702
GM1655	GM1674
GM1655	GM1709
GM1658	GM1706
GM1658	GM1771
GM1663	GM0056
GM1663	GM0058
GM1663	GM1651
GM1663	GM1663
GM1667	GM1728
GM1669	GM1711
GM1676	GM1695
GM1676	GM1924
GM1676	GM0716
GM1676	GM0717
GM1676	GM1676
GM1676	GM1695
GM1676	GM1924
GM1680	GM1681
GM1680	GM1730
GM1680	GM1731
GM1684	GM1702
GM1685	GM1721
GM1690	GM1701
GM1695	GM0664
GM1695	GM0717
GM1695	GM1676
GM1695	GM1695
GM1696	GM1904
GM1699	GM1730
GM1699	GM1731
GM1701	GM1708
GM1701	GM1731
GM1705	GM1734
GM1705	GM1945
GM1708	GM1896
GM1708	GM1940
GM1708	GM0171
GM1708	GM1708
GM1708	GM1896
GM1709	GM1719
GM1709	GM1924
GM1709	GM0505
GM1709	GM0617
GM1709	GM0851
GM1709	GM1709
GM1709	GM1924
GM1711	GM1883
GM1714	GM0715
GM1714	GM0718
GM1714	GM1714
GM1722	GM1891
GM1722	GM0058
GM1722	GM0063
GM1722	GM1722
GM1724	GM1728
GM1729	GM1903
GM1734	GM1740
GM1735	GM1742
GM1735	GM1859
GM1783	GM1842
GM1783	GM0518
GM1783	GM0599
GM1783	GM1783
GM1859	GM1876
GM1892	GM1931
GM1895	GM1987
GM1895	GM0010
GM1895	GM1895
GM1896	GM0166
GM1896	GM0171
GM1896	GM1708
GM1896	GM1896
GM1900	GM1911
GM1900	GM1940
GM1900	GM0072
GM1900	GM1900
GM1900	GM1911
GM1900	GM1940
GM1901	GM1931
GM1911	GM0400
GM1911	GM1900
GM1911	GM1911
GM1924	GM1930
GM1924	GM0530
GM1924	GM0588
GM1924	GM0611
GM1924	GM1676
GM1924	GM1709
GM1924	GM1924
GM1924	GM1930
GM1927	GM1931
GM1930	GM0530
GM1930	GM0588
GM1930	GM1924
GM1930	GM1930
GM1940	GM0171
GM1940	GM1900
GM1940	GM1940
GM1942	GM0034
GM1942	GM0384
GM1942	GM0406
GM1942	GM1942
GM0010	GM1651
GM0010	GM1895
GM0034	GM0050
GM0034	GM0363
GM0034	GM0376
GM0034	GM0385
GM0034	GM0405
GM0034	GM0406
GM0034	GM0852
GM0034	GM0995
GM0034	GM1942
GM0050	GM0233
GM0050	GM0243
GM0050	GM0267
GM0050	GM0273
GM0050	GM0303
GM0050	GM0313
GM0050	GM0317
GM0050	GM0376
GM0056	GM0079
GM0056	GM1663
GM0058	GM0060
GM0058	GM0079
GM0058	GM0088
GM0058	GM1663
GM0058	GM1722
GM0060	GM0063
GM0060	GM0093
GM0060	GM1722
GM0063	GM0070
GM0063	GM0093
GM0063	GM1722
GM0070	GM0072
GM0070	GM0093
GM0072	GM0093
GM0072	GM0096
GM0072	GM0448
GM0072	GM1900
GM0072	GM1911
GM0079	GM1663
GM0088	GM1651
GM0088	GM1663
GM0093	GM0096
GM0096	GM0448
GM0166	GM0171
GM0166	GM0269
GM0166	GM0303
GM0166	GM1896
GM0171	GM0184
GM0171	GM0303
GM0171	GM0388
GM0171	GM1708
GM0171	GM1896
GM0171	GM1940
GM0184	GM0303
GM0184	GM0388
GM0184	GM0995
GM0184	GM1940
GM0230	GM0269
GM0230	GM0302
GM0230	GM0303
GM0233	GM0243
GM0233	GM0273
GM0243	GM0303
GM0267	GM0273
GM0267	GM0313
GM0269	GM0303
GM0302	GM0303
GM0303	GM0995
GM0313	GM0317
GM0317	GM0376
GM0363	GM0384
GM0363	GM0852
GM0363	GM1942
GM0373	GM0383
GM0373	GM0441
GM0375	GM0396
GM0375	GM0453
GM0376	GM0406
GM0377	GM0453
GM0377	GM0473
GM0383	GM0396
GM0384	GM1942
GM0385	GM0405
GM0385	GM0852
GM0385	GM1598
GM0388	GM0420
GM0388	GM0532
GM0388	GM0995
GM0388	GM1900
GM0388	GM1940
GM0400	GM0441
GM0400	GM0448
GM0400	GM1911
GM0405	GM0498
GM0405	GM0995
GM0405	GM1598
GM0406	GM1942
GM0420	GM1900
GM0420	GM1911
GM0448	GM1911
GM0473	GM0575
GM0498	GM0532
GM0498	GM0995
GM0505	GM0617
GM0505	GM1709
GM0518	GM0629
GM0518	GM1783
GM0530	GM0614
GM0530	GM1924
GM0530	GM1930
GM0532	GM0995
GM0537	GM0575
GM0537	GM0629
GM0588	GM0611
GM0588	GM1924
GM0588	GM1930
GM0599	GM0614
GM0599	GM1783
GM0611	GM0617
GM0611	GM1709
GM0611	GM1924
GM0614	GM1924
GM0617	GM1709
GM0654	GM0677
GM0654	GM0678
GM0654	GM0703
GM0654	GM0715
GM0654	GM0718
GM0664	GM0678
GM0664	GM0687
GM0664	GM1695
GM0677	GM0703
GM0677	GM0715
GM0678	GM0703
GM0678	GM0716
GM0678	GM1695
GM0687	GM0717
GM0687	GM1695
GM0703	GM0716
GM0715	GM0718
GM0715	GM1714
GM0716	GM0851
GM0716	GM1676
GM0716	GM1695
GM0716	GM1924
GM0717	GM0718
GM0717	GM1676
GM0717	GM1695
GM0718	GM1714
GM0851	GM1709
GM0851	GM1924
GM0852	GM1942
GM1651	GM1663
GM1676	GM1695
GM1676	GM1924
GM1708	GM1896
GM1709	GM1924
GM1900	GM1911
GM1900	GM1940
GM1924	GM1930
